<?xml version='1.0'?>
<module>
<name>ReceivedSMS</name>
<label>ReceivedSMS</label>
<parent>Tools</parent>
<version>1.9.3</version>
<dependencies>
<vtiger_version>6.0.0</vtiger_version>
<vtiger_max_version>7.*</vtiger_max_version>
</dependencies>
	<license>
		<file>License.html</file>
	</license>
<tables>
<table>
<name>vtiger_receivedsms</name>
<sql><![CDATA[CREATE TABLE `vtiger_receivedsms` (
  `receivedsmsid` int(11) NOT NULL DEFAULT '0',
  `smsr_name` int(19) DEFAULT NULL,
  `receivedsmsno` varchar(100) DEFAULT NULL,
  `smsr_from` varchar(128) DEFAULT NULL,
  `smsr_to` varchar(128) DEFAULT NULL,
  `smsr_text_message` text,
  PRIMARY KEY (`receivedsmsid`)
) ENGINE=InnoDB DEFAULT CHARSET=utf8]]></sql>
</table>
<table>
<name>vtiger_receivedsmscf</name>
<sql><![CDATA[CREATE TABLE `vtiger_receivedsmscf` (
  `receivedsmsid` int(11) NOT NULL,
  PRIMARY KEY (`receivedsmsid`)
) ENGINE=InnoDB DEFAULT CHARSET=utf8]]></sql>
</table>
<table>
<name>vtiger_receivedsms_settings</name>
<sql><![CDATA[CREATE TABLE `vtiger_receivedsms_settings` (
  `settings_name` varchar(200) COLLATE utf8_unicode_ci NOT NULL DEFAULT '',
  `settings_value` text COLLATE utf8_unicode_ci NOT NULL,
  PRIMARY KEY (`settings_name`)
) ENGINE=InnoDB DEFAULT CHARSET=utf8 COLLATE=utf8_unicode_ci]]></sql>
</table>
<table>
<name>vtiger_receivedsms_servers</name>
<sql><![CDATA[CREATE TABLE `vtiger_receivedsms_servers` (
  `id` int(11) NOT NULL AUTO_INCREMENT,
  `password` varchar(255) DEFAULT NULL,
  `isactive` int(1) DEFAULT NULL,
  `providertype` varchar(50) DEFAULT NULL,
  `username` varchar(255) DEFAULT NULL,
  `parameters` text,
  PRIMARY KEY (`id`)
) ENGINE=InnoDB DEFAULT CHARSET=utf8 COLLATE=utf8_unicode_ci]]></sql>
</table>
</tables>
<blocks>
<block>
<label>LBL_BLOCK_MESSAGE_INFORMATION</label>
<fields>
<field>
<fieldname>smsr_name</fieldname>
<uitype>10</uitype>
<columnname>smsr_name</columnname>
<tablename>vtiger_receivedsms</tablename>
<generatedtype>1</generatedtype>
<fieldlabel>LBL_SMSR_NAME</fieldlabel>
<readonly>1</readonly>
<presence>2</presence>
<defaultvalue></defaultvalue>
<sequence>1</sequence>
<maximumlength>100</maximumlength>
<typeofdata>V~O</typeofdata>
<quickcreate>1</quickcreate>
<quickcreatesequence></quickcreatesequence>
<displaytype>1</displaytype>
<info_type>BAS</info_type>
<helpinfo><![CDATA[]]></helpinfo>
<masseditable>0</masseditable>
<summaryfield>0</summaryfield>
<relatedmodules>
<relatedmodule>Accounts</relatedmodule>
<relatedmodule>Contacts</relatedmodule>
<relatedmodule>Leads</relatedmodule>
<relatedmodule>Vendors</relatedmodule>
</relatedmodules>
</field>
<field>
<fieldname>receivedsmsno</fieldname>
<uitype>4</uitype>
<columnname>receivedsmsno</columnname>
<tablename>vtiger_receivedsms</tablename>
<generatedtype>1</generatedtype>
<fieldlabel>Record Number</fieldlabel>
<readonly>1</readonly>
<presence>2</presence>
<defaultvalue></defaultvalue>
<sequence>5</sequence>
<maximumlength>100</maximumlength>
<typeofdata>V~O</typeofdata>
<quickcreate>1</quickcreate>
<quickcreatesequence>0</quickcreatesequence>
<displaytype>1</displaytype>
<info_type>BAS</info_type>
<helpinfo><![CDATA[]]></helpinfo>
<masseditable>1</masseditable>
<summaryfield>0</summaryfield>
</field>
<field>
<fieldname>smsr_from</fieldname>
<uitype>11</uitype>
<columnname>smsr_from</columnname>
<tablename>vtiger_receivedsms</tablename>
<generatedtype>1</generatedtype>
<fieldlabel>LBL_SMSR_FROM</fieldlabel>
<readonly>1</readonly>
<presence>2</presence>
<defaultvalue></defaultvalue>
<sequence>2</sequence>
<maximumlength>100</maximumlength>
<typeofdata>V~M</typeofdata>
<quickcreate>0</quickcreate>
<quickcreatesequence>0</quickcreatesequence>
<displaytype>1</displaytype>
<info_type>BAS</info_type>
<helpinfo><![CDATA[]]></helpinfo>
<masseditable>0</masseditable>
<summaryfield>0</summaryfield>
<entityidentifier>
<entityidfield>receivedsmsid</entityidfield>
<entityidcolumn>receivedsmsid</entityidcolumn>
</entityidentifier>
</field>
<field>
<fieldname>smsr_to</fieldname>
<uitype>1</uitype>
<columnname>smsr_to</columnname>
<tablename>vtiger_receivedsms</tablename>
<generatedtype>1</generatedtype>
<fieldlabel>LBL_SMSR_TO</fieldlabel>
<readonly>1</readonly>
<presence>2</presence>
<defaultvalue></defaultvalue>
<sequence>3</sequence>
<maximumlength>100</maximumlength>
<typeofdata>V~O</typeofdata>
<quickcreate>0</quickcreate>
<quickcreatesequence>0</quickcreatesequence>
<displaytype>1</displaytype>
<info_type>BAS</info_type>
<helpinfo><![CDATA[]]></helpinfo>
<masseditable>0</masseditable>
<summaryfield>1</summaryfield>
</field>
<field>
<fieldname>assigned_user_id</fieldname>
<uitype>53</uitype>
<columnname>smownerid</columnname>
<tablename>vtiger_crmentity</tablename>
<generatedtype>1</generatedtype>
<fieldlabel>Assigned To</fieldlabel>
<readonly>1</readonly>
<presence>2</presence>
<defaultvalue></defaultvalue>
<sequence>4</sequence>
<maximumlength>100</maximumlength>
<typeofdata>V~M</typeofdata>
<quickcreate>0</quickcreate>
<quickcreatesequence>0</quickcreatesequence>
<displaytype>1</displaytype>
<info_type>BAS</info_type>
<helpinfo><![CDATA[]]></helpinfo>
<masseditable>1</masseditable>
<summaryfield>1</summaryfield>
</field>
<field>
<fieldname>smsr_text_message</fieldname>
<uitype>19</uitype>
<columnname>smsr_text_message</columnname>
<tablename>vtiger_receivedsms</tablename>
<generatedtype>1</generatedtype>
<fieldlabel>LBL_SMSR_TEXT_MESSAGE</fieldlabel>
<readonly>1</readonly>
<presence>2</presence>
<defaultvalue></defaultvalue>
<sequence>5</sequence>
<maximumlength>100</maximumlength>
<typeofdata>V~O</typeofdata>
<quickcreate>1</quickcreate>
<quickcreatesequence></quickcreatesequence>
<displaytype>1</displaytype>
<info_type>BAS</info_type>
<helpinfo><![CDATA[]]></helpinfo>
<masseditable>0</masseditable>
<summaryfield>1</summaryfield>
</field>
<field>
<fieldname>createdtime</fieldname>
<uitype>70</uitype>
<columnname>createdtime</columnname>
<tablename>vtiger_crmentity</tablename>
<generatedtype>1</generatedtype>
<fieldlabel>Created Time</fieldlabel>
<readonly>1</readonly>
<presence>2</presence>
<defaultvalue></defaultvalue>
<sequence>6</sequence>
<maximumlength>100</maximumlength>
<typeofdata>T~O</typeofdata>
<quickcreate>0</quickcreate>
<quickcreatesequence>0</quickcreatesequence>
<displaytype>2</displaytype>
<info_type>BAS</info_type>
<helpinfo><![CDATA[]]></helpinfo>
<masseditable>0</masseditable>
<summaryfield>1</summaryfield>
</field>
<field>
<fieldname>modifiedtime</fieldname>
<uitype>70</uitype>
<columnname>modifiedtime</columnname>
<tablename>vtiger_crmentity</tablename>
<generatedtype>1</generatedtype>
<fieldlabel>Modified Time</fieldlabel>
<readonly>1</readonly>
<presence>2</presence>
<defaultvalue></defaultvalue>
<sequence>7</sequence>
<maximumlength>100</maximumlength>
<typeofdata>T~O</typeofdata>
<quickcreate>0</quickcreate>
<quickcreatesequence>0</quickcreatesequence>
<displaytype>2</displaytype>
<info_type>BAS</info_type>
<helpinfo><![CDATA[]]></helpinfo>
<masseditable>0</masseditable>
<summaryfield>0</summaryfield>
</field>
</fields>
</block>
<block>
<label>LBL_CUSTOM_INFORMATION</label>
</block>
</blocks>
<customviews>
<customview>
<viewname>All</viewname>
<setdefault>true</setdefault>
<setmetrics>false</setmetrics>
<fields>
<field>
<fieldname>smsr_name</fieldname>
<columnindex>0</columnindex>
</field>
<field>
<fieldname>smsr_from</fieldname>
<columnindex>1</columnindex>
</field>
<field>
<fieldname>smsr_to</fieldname>
<columnindex>2</columnindex>
</field>
<field>
<fieldname>smsr_text_message</fieldname>
<columnindex>3</columnindex>
</field>
</fields>
</customview>
</customviews>
<sharingaccess>
<default>public_readwritedelete</default>
</sharingaccess>
<actions>
<action>
<name><![CDATA[Import]]></name>
<status>enabled</status>
</action>
<action>
<name><![CDATA[Export]]></name>
<status>enabled</status>
</action>
<action>
<name><![CDATA[Merge]]></name>
<status>enabled</status>
</action>
</actions>
<relatedlists>
<relatedlist>
<function>get_comments</function>
<label>ModComments</label>
<sequence>1</sequence>
<presence>0</presence>
<actions>
<action>ADD</action>
</actions>
<relatedmodule>ModComments</relatedmodule>
</relatedlist>
<relatedlist>
<function>get_attachments</function>
<label>Documents</label>
<sequence>2</sequence>
<presence>0</presence>
<actions>
<action>ADD</action>
<action>SELECT</action>
</actions>
<relatedmodule>Documents</relatedmodule>
</relatedlist>
<relatedlist>
<function>get_activities</function>
<label>Activities</label>
<sequence>3</sequence>
<presence>0</presence>
<actions>
<action>ADD</action>
</actions>
<relatedmodule>Calendar</relatedmodule>
</relatedlist>
</relatedlists>
<customlinks>
<customlink>
<linktype>DETAILVIEWBASIC</linktype>
<linklabel>View History</linklabel>
<linkurl><![CDATA[javascript:ModTrackerCommon.showhistory('$RECORD$')]]></linkurl>
<linkicon><![CDATA[]]></linkicon>
<sequence>0</sequence>
<handler_path><![CDATA[]]></handler_path>
<handler_class><![CDATA[]]></handler_class>
<handler><![CDATA[]]></handler>
</customlink>
</customlinks>
<crons>
<cron>
<name>Check for Received SMS</name>
<handler>cron/modules/ReceivedSMS/ReceivedSMS.service</handler>
<frequency>900</frequency>
<description>Recommended frequency for ReceivedSMS is 15 mins</description>
</cron>
</crons>
</module>
