<?xml version='1.0'?>
<module>
    <name>ParsMTracker</name>
    <label>Changes history</label>
    <parent></parent>
    <type>extension</type>
    <version>2.0</version>
    <dependencies>
        <vtiger_version>7.0.0</vtiger_version>
        <vtiger_max_version>7.*</vtiger_max_version>
    </dependencies>
    <license>
        <file>License.html</file>
    </license>
    <tables></tables>
    <sharingaccess>
        <default>public</default>
    </sharingaccess>
    <crons></crons>
</module>
