<?xml version='1.0'?>
<module>
    <name>ParsBadge</name>
    <label>Mail Badge</label>
    <parent>Tools</parent>
    <type>extension</type>
    <version>1.0.1</version>
    <dependencies>
        <vtiger_version>7.0.0</vtiger_version>
        <vtiger_max_version>7.*</vtiger_max_version>
    </dependencies>
    <license>
        <file>License.html</file>
    </license>
    <tables>
        <table>
            <name>vtiger_parsbadge_settings</name>
            <sql>
                <![CDATA[CREATE TABLE `vtiger_parsbadge_settings` (
  `id` int(10) NOT NULL,
  `value` text,
  PRIMARY KEY (`id`)
) ENGINE=InnoDB DEFAULT CHARSET=utf8]]>
            </sql>
        </table>
    </tables>
    <sharingaccess>
        <default>public_readwritedelete</default>
    </sharingaccess>
    <crons></crons>
</module>
