<?xml version='1.0'?>
<module>
	<name>DynamicBlocks</name>
	<label>Dynamic Blocks</label>
	<parent></parent>
	<version>1.0.0</version>
	<type>extension</type>
<dependencies>
     <vtiger_version>6.0.0</vtiger_version>
     <vtiger_max_version>7.*</vtiger_max_version>
</dependencies>
	<license>
		<file>License.html</file>
	</license>		
	<tables>
		<table>
			<name>dynamic_blocks</name>
			<sql><![CDATA[
				CREATE TABLE `dynamic_blocks` (
				`id`  int(11) NOT NULL AUTO_INCREMENT ,
				`module`  varchar(250) NULL ,
				`fieldname`  varchar(250) NULL ,
				`values`  text NULL ,
				`blocks`  text NULL ,
				`sequence`  int(11) NULL ,
				PRIMARY KEY (`id`)
				);
			]]></sql>
		</table>
	</tables>
	<sharingaccess>
		<default>public</default>
	</sharingaccess>
</module>
