<?xml version='1.0'?>
<module>
    <name>RoomsUsers</name>
    <label>RoomsUsers</label>
	<type>extension</type>
    <parent></parent>
    <version>1.0</version>
    <dependencies>
        <vtiger_version>6.0.0rc</vtiger_version>
        <vtiger_max_version>7.*</vtiger_max_version>
    </dependencies>
    <license>
        <file>License.html</file>
    </license>
    <tables>
        <table>
            <name>vtiger_roomsusers</name>
            <sql><![CDATA[CREATE TABLE `vtiger_roomsusers` (
  `roomsusersid` int(19) NOT NULL AUTO_INCREMENT,
  `title` varchar(255) DEFAULT NULL,
  `room_id` int(19) DEFAULT NULL,
  `room_status` varchar(255) DEFAULT NULL,
  `archived` tinyint(3) DEFAULT '0',
  `favorite` tinyint(3) DEFAULT '0',
  PRIMARY KEY (`roomsusersid`),
  KEY `vtiger_roomsusers_roomsusersid_idx` (`roomsusersid`) USING BTREE,
  KEY `vtiger_roomsusers_room_id` (`room_id`) USING BTREE
) ENGINE=InnoDB AUTO_INCREMENT=1 DEFAULT CHARSET=utf8;]]></sql>
        </table>
        <table>
            <name>vtiger_roomsuserscf</name>
            <sql><![CDATA[CREATE TABLE `vtiger_roomsuserscf` (
  `roomsusersid` int(11) NOT NULL,
  PRIMARY KEY (`roomsusersid`)
) ENGINE=InnoDB DEFAULT CHARSET=utf8]]></sql>
        </table>
        <table>
            <name>vtiger_roomsusers_user_field</name>
            <sql><![CDATA[CREATE TABLE IF NOT EXISTS `vtiger_roomsusers_user_field` (
  `recordid` int(25) NOT NULL,
  `userid` int(25) NOT NULL,
  `starred` varchar(100) DEFAULT NULL
) ENGINE=InnoDB DEFAULT CHARSET=utf8;]]></sql>
        </table>
        <table>
            <name>vtiger_roomsusers</name>
            <sql><![CDATA[ALTER TABLE `vtiger_roomsusers` 
                ADD INDEX `vtiger_roomsusers_roomsusersid_idx` (`roomsusersid`) USING BTREE, 
                ADD INDEX `vtiger_roomsusers_room_id` (`room_id`) USING BTREE ;]]></sql>
        </table>
    </tables>
    <blocks>
        <block>
            <label>LBL_ROOMSUSERS_INFORMATION</label>
            <fields>
                <field>
                    <fieldname>title</fieldname>
                    <uitype>2</uitype>
                    <columnname>title</columnname>
                    <tablename>vtiger_roomsusers</tablename>
                    <generatedtype>1</generatedtype>
                    <fieldlabel>Title</fieldlabel>
                    <readonly>1</readonly>
                    <presence>2</presence>
                    <defaultvalue></defaultvalue>
                    <sequence>1</sequence>
                    <maximumlength>100</maximumlength>
                    <typeofdata>V~M</typeofdata>
                    <quickcreate>1</quickcreate>
                    <quickcreatesequence></quickcreatesequence>
                    <displaytype>1</displaytype>
                    <info_type>BAS</info_type>
                    <helpinfo><![CDATA[]]></helpinfo>
                    <masseditable>1</masseditable>
                    <summaryfield>1</summaryfield>
                    <entityidentifier>
                        <entityidfield>roomsusersid</entityidfield>
                        <entityidcolumn>roomsusersid</entityidcolumn>
                    </entityidentifier>
                </field>
                <field>
                    <fieldname>room_id</fieldname>
                    <uitype>10</uitype>
                    <columnname>room_id</columnname>
                    <tablename>vtiger_roomsusers</tablename>
                    <generatedtype>1</generatedtype>
                    <fieldlabel>Room</fieldlabel>
                    <readonly>1</readonly>
                    <presence>2</presence>
                    <defaultvalue></defaultvalue>
                    <sequence>2</sequence>
                    <maximumlength>100</maximumlength>
                    <typeofdata>I~O</typeofdata>
                    <quickcreate>1</quickcreate>
                    <quickcreatesequence></quickcreatesequence>
                    <displaytype>1</displaytype>
                    <info_type>BAS</info_type>
                    <helpinfo><![CDATA[]]></helpinfo>
                    <masseditable>1</masseditable>
                    <summaryfield>1</summaryfield>
                    <relatedmodules>
                        <relatedmodule>Rooms</relatedmodule>
                    </relatedmodules>
                </field>
                <field>
                    <fieldname>archived</fieldname>
                    <uitype>56</uitype>
                    <columnname>archived</columnname>
                    <tablename>vtiger_roomsusers</tablename>
                    <generatedtype>1</generatedtype>
                    <fieldlabel>Archived</fieldlabel>
                    <readonly>1</readonly>
                    <presence>2</presence>
                    <defaultvalue></defaultvalue>
                    <sequence>4</sequence>
                    <maximumlength>100</maximumlength>
                    <typeofdata>C~O</typeofdata>
                    <quickcreate>1</quickcreate>
                    <quickcreatesequence></quickcreatesequence>
                    <displaytype>1</displaytype>
                    <info_type>BAS</info_type>
                    <helpinfo><![CDATA[]]></helpinfo>
                    <masseditable>1</masseditable>
                    <summaryfield>0</summaryfield>
                </field>
                <field>
                    <fieldname>assigned_user_id</fieldname>
                    <uitype>53</uitype>
                    <columnname>smownerid</columnname>
                    <tablename>vtiger_crmentity</tablename>
                    <generatedtype>1</generatedtype>
                    <fieldlabel>Assigned To</fieldlabel>
                    <readonly>1</readonly>
                    <presence>2</presence>
                    <defaultvalue></defaultvalue>
                    <sequence>7</sequence>
                    <maximumlength>100</maximumlength>
                    <typeofdata>V~M</typeofdata>
                    <quickcreate>2</quickcreate>
                    <quickcreatesequence></quickcreatesequence>
                    <displaytype>1</displaytype>
                    <info_type>BAS</info_type>
                    <helpinfo><![CDATA[]]></helpinfo>
                    <masseditable>1</masseditable>
                    <summaryfield>1</summaryfield>
                </field>
                <field>
                    <fieldname>CreatedTime</fieldname>
                    <uitype>70</uitype>
                    <columnname>createdtime</columnname>
                    <tablename>vtiger_crmentity</tablename>
                    <generatedtype>1</generatedtype>
                    <fieldlabel>Created Time</fieldlabel>
                    <readonly>1</readonly>
                    <presence>2</presence>
                    <defaultvalue></defaultvalue>
                    <sequence>6</sequence>
                    <maximumlength>100</maximumlength>
                    <typeofdata>T~O</typeofdata>
                    <quickcreate>1</quickcreate>
                    <quickcreatesequence></quickcreatesequence>
                    <displaytype>2</displaytype>
                    <info_type>BAS</info_type>
                    <helpinfo><![CDATA[]]></helpinfo>
                    <masseditable>1</masseditable>
                    <summaryfield>0</summaryfield>
                </field>
                <field>
                    <fieldname>ModifiedTime</fieldname>
                    <uitype>70</uitype>
                    <columnname>modifiedtime</columnname>
                    <tablename>vtiger_crmentity</tablename>
                    <generatedtype>1</generatedtype>
                    <fieldlabel>Modified Time</fieldlabel>
                    <readonly>1</readonly>
                    <presence>2</presence>
                    <defaultvalue></defaultvalue>
                    <sequence>9</sequence>
                    <maximumlength>100</maximumlength>
                    <typeofdata>T~O</typeofdata>
                    <quickcreate>1</quickcreate>
                    <quickcreatesequence></quickcreatesequence>
                    <displaytype>2</displaytype>
                    <info_type>BAS</info_type>
                    <helpinfo><![CDATA[]]></helpinfo>
                    <masseditable>1</masseditable>
                    <summaryfield>0</summaryfield>
                </field>
                <field>
                    <fieldname>modifiedby</fieldname>
                    <uitype>52</uitype>
                    <columnname>modifiedby</columnname>
                    <tablename>vtiger_crmentity</tablename>
                    <generatedtype>1</generatedtype>
                    <fieldlabel>Last Modified By</fieldlabel>
                    <readonly>1</readonly>
                    <presence>2</presence>
                    <defaultvalue></defaultvalue>
                    <sequence>8</sequence>
                    <maximumlength>100</maximumlength>
                    <typeofdata>V~O</typeofdata>
                    <quickcreate>1</quickcreate>
                    <quickcreatesequence></quickcreatesequence>
                    <displaytype>2</displaytype>
                    <info_type>BAS</info_type>
                    <helpinfo><![CDATA[]]></helpinfo>
                    <masseditable>1</masseditable>
                    <summaryfield>0</summaryfield>
                </field>
                <field>
                    <fieldname>room_status</fieldname>
                    <uitype>15</uitype>
                    <columnname>room_status</columnname>
                    <tablename>vtiger_roomsusers</tablename>
                    <generatedtype>1</generatedtype>
                    <fieldlabel>Status</fieldlabel>
                    <readonly>1</readonly>
                    <presence>2</presence>
                    <defaultvalue></defaultvalue>
                    <sequence>3</sequence>
                    <maximumlength>100</maximumlength>
                    <typeofdata>V~O</typeofdata>
                    <quickcreate>1</quickcreate>
                    <quickcreatesequence></quickcreatesequence>
                    <displaytype>1</displaytype>
                    <info_type>BAS</info_type>
                    <helpinfo><![CDATA[]]></helpinfo>
                    <masseditable>1</masseditable>
                    <summaryfield>0</summaryfield>
                    <picklistvalues>
                        <picklistvalue></picklistvalue>
                        <picklistvalue>Joined</picklistvalue>
                        <picklistvalue>Leave</picklistvalue>
                        <picklistvalue>Reject</picklistvalue>
                        <picklistvalue>Pending</picklistvalue>
                    </picklistvalues>
                </field>
                <field>
                    <fieldname>favorite</fieldname>
                    <uitype>56</uitype>
                    <columnname>favorite</columnname>
                    <tablename>vtiger_roomsusers</tablename>
                    <generatedtype>1</generatedtype>
                    <fieldlabel>Favorite</fieldlabel>
                    <readonly>1</readonly>
                    <presence>2</presence>
                    <defaultvalue></defaultvalue>
                    <sequence>5</sequence>
                    <maximumlength>100</maximumlength>
                    <typeofdata>C~O</typeofdata>
                    <quickcreate>1</quickcreate>
                    <quickcreatesequence></quickcreatesequence>
                    <displaytype>1</displaytype>
                    <info_type>BAS</info_type>
                    <helpinfo><![CDATA[]]></helpinfo>
                    <masseditable>1</masseditable>
                    <summaryfield>0</summaryfield>
                </field>
            </fields>
        </block>
        <block>
            <label>LBL_CUSTOM_INFORMATION</label>
            <fields>
                <field>
                    <fieldname>description</fieldname>
                    <uitype>19</uitype>
                    <columnname>description</columnname>
                    <tablename>vtiger_crmentity</tablename>
                    <generatedtype>1</generatedtype>
                    <fieldlabel>Description</fieldlabel>
                    <readonly>1</readonly>
                    <presence>2</presence>
                    <defaultvalue></defaultvalue>
                    <sequence>1</sequence>
                    <maximumlength>100</maximumlength>
                    <typeofdata>V~O</typeofdata>
                    <quickcreate>1</quickcreate>
                    <quickcreatesequence></quickcreatesequence>
                    <displaytype>1</displaytype>
                    <info_type>BAS</info_type>
                    <helpinfo><![CDATA[]]></helpinfo>
                    <masseditable>1</masseditable>
                    <summaryfield>0</summaryfield>
                </field>
            </fields>
        </block>
        <block>
            <label>LBL_ROOMS_INFORMATION</label>
        </block>
    </blocks>
    <customviews>
        <customview>
            <viewname>All</viewname>
            <setdefault>true</setdefault>
            <setmetrics>false</setmetrics>
            <fields>
                <field>
                    <fieldname>title</fieldname>
                    <columnindex>0</columnindex>
                </field>
                <field>
                    <fieldname>room_id</fieldname>
                    <columnindex>1</columnindex>
                </field>
            </fields>
        </customview>
    </customviews>
    <sharingaccess>
        <default>public_readwritedelete</default>
    </sharingaccess>
    <crons>
    </crons>
</module>