<?xml version="1.0"?>
<module>
    <name>ParsLDAP</name>
    <label>LDAP Authentication</label>
    <parent></parent>
    <type>extension</type>
    <version>1.0</version>
    <dependencies>
        <vtiger_version>7.0.0</vtiger_version>
        <vtiger_max_version>7.*</vtiger_max_version>
    </dependencies>
    <license>
        <file>License.html</file>
    </license>
    <tables>
        <table>
            <name>vtiger_ldap_settings</name>
            <sql>
                <![CDATA[CREATE TABLE `vtiger_ldap_settings` (
  `which` varchar(10) DEFAULT NULL,
  `ldap_host` varchar(255) DEFAULT NULL,
  `ldap_port` varchar(20) DEFAULT NULL,
  `ldap_basedn` varchar(255) DEFAULT NULL,
  `ldap_uid` varchar(100) DEFAULT NULL,
  `ldap_username` varchar(100) DEFAULT NULL,
  `ldap_pass` varchar(100) DEFAULT NULL,
  `ad_accountSuffix` varchar(100) DEFAULT NULL,
  `ad_basedn` varchar(255) DEFAULT NULL,
  `ad_dc` text,
  `ad_username` varchar(100) DEFAULT NULL,
  `ad_pass` varchar(100) DEFAULT NULL,
  `aD_realgroup` varchar(10) DEFAULT NULL,
  `exclude_roles` text NULL
) ENGINE=InnoDB DEFAULT CHARSET=utf8]]>
            </sql>
        </table>
    </tables>
    <sharingaccess>
        <default>public</default>
    </sharingaccess>
    <crons></crons>
</module>
