<?xml version='1.0'?>
<module>
	<name>FieldAutofill</name>
	<label>Field Auto fill</label>
	<parent></parent>
	<version>1.1.0</version>
	<dependencies>
		<vtiger_version>6.0.0</vtiger_version>
		<vtiger_max_version>7.*</vtiger_max_version>
	</dependencies>
	<type>extension</type>
	<license>
		<file>License.html</file>
	</license>
	<tables>
		<table>
			<name>fieldautofill_mappings</name>
			<sql><![CDATA[
				CREATE TABLE `fieldautofill_mappings` (
				`id`  int(11) NOT NULL AUTO_INCREMENT ,
				`key`  varchar(250) NULL ,
				`primary`  varchar(250) NULL ,
				`secondary`  varchar(250) NULL ,
				`show_popup`  int(1) NULL,
				PRIMARY KEY (`id`)
				);
			]]></sql>
		</table>
	</tables>	
	<sharingaccess>
		<default>public</default>
	</sharingaccess>
</module>
