<?xml version='1.0'?>
<module>
    <name>RecordCreator</name>
    <label>Record Creator</label>
    <parent></parent>
    <type>extension</type>
    <version>1.2.0</version>
    <dependencies>
        <vtiger_version>7.0.0</vtiger_version>
        <vtiger_max_version>7.*</vtiger_max_version>
    </dependencies>
	<license>
		<file>License.html</file>
	</license>
    <tables>
        <table>
            <name>vtiger_recordcreator</name>
            <sql>
                <![CDATA[CREATE TABLE `vtiger_recordcreator` (
  `recordcreator_id` int(11) NOT NULL AUTO_INCREMENT,
  `primary_module_name` varchar(250) DEFAULT NULL,
  `target_module_name` varchar(255) DEFAULT NULL,
  `target_module_view` varchar(100) DEFAULT NULL,
  `displaytext` varchar(100) DEFAULT NULL,
  `linkid` int(11) NOT NULL DEFAULT '0',
  PRIMARY KEY (`recordcreator_id`)
) ENGINE=InnoDB DEFAULT CHARSET=utf8]]>
            </sql>
        </table>
        <table>
            <name>vtiger_recordcreator_mapping</name>
            <sql>
                <![CDATA[CREATE TABLE `vtiger_recordcreator_mapping` (
  `fieldmappingid` int(11) NOT NULL AUTO_INCREMENT,
  `primary_field` varchar(255) DEFAULT NULL,
  `target_field` varchar(250) DEFAULT NULL,
  `recordcreator_id` int(11) DEFAULT NULL,
  PRIMARY KEY (`fieldmappingid`)
) ENGINE=InnoDB DEFAULT CHARSET=utf8]]>
            </sql>
        </table>
    </tables>
	<sharingaccess>
		<default>public</default>
	</sharingaccess>
    <customlinks>
        <customlink>
            <linktype>HEADERSCRIPT</linktype>
            <linklabel>RecordCreator</linklabel>
            <linkurl>
                <![CDATA[layouts/v7/modules/Settings/RecordCreator/resources/QuickCreate.js]]>
            </linkurl>
            <linkicon>
                <![CDATA[]]>
            </linkicon>
            <sequence>0</sequence>
            <handler_path>
                <![CDATA[]]>
            </handler_path>
            <handler_class>
                <![CDATA[]]>
            </handler_class>
            <handler>
                <![CDATA[]]>
            </handler>
        </customlink>
    </customlinks>
    <crons></crons>
</module>
