<?xml version="1.0"?>
<module>
    <name>Parsindicator</name>
    <label>Parsindicator</label>
    <parent>Tools</parent>
    <version>1.2.0</version>
    <dependencies>
        <vtiger_version>6.0.0</vtiger_version>
        <vtiger_max_version>7.*</vtiger_max_version>
    </dependencies>
	<license>
		<file>License.html</file>
	</license>
    <tables>
        <table>
            <name>vtiger_parsindicator</name>
            <sql>
                <![CDATA[CREATE TABLE `vtiger_parsindicator` (
  `parsindicatorid` int(11) NOT NULL DEFAULT '0',
  `description` text,
  `subject` varchar(128) DEFAULT NULL,
  `internal_no` varchar(128) DEFAULT NULL,
  `letter_type` varchar(128) DEFAULT NULL,
  `document_no` varchar(128) DEFAULT NULL,
  `shipment_type` varchar(128) DEFAULT NULL,
  `date_of_letter` date DEFAULT NULL,
  `related_to` int(19) DEFAULT NULL,
  `title` varchar(128) DEFAULT NULL,
  `sent_or_received_by` varchar(128) DEFAULT NULL,
  `dimensions` varchar(128) DEFAULT NULL,
  `file_of_letter` int(19) DEFAULT NULL,
  `number_of_pages` int(11) DEFAULT NULL,
  `type` varchar(128) DEFAULT NULL,
  `related_letter` int(19) DEFAULT NULL,
  `attachment` varchar(128) DEFAULT NULL,
  PRIMARY KEY (`parsindicatorid`)
) ENGINE=InnoDB DEFAULT CHARSET=utf8]]>
            </sql>
        </table>
        <table>
            <name>vtiger_parsindicatorcf</name>
            <sql>
                <![CDATA[CREATE TABLE `vtiger_parsindicatorcf` (
  `parsindicatorid` int(11) NOT NULL,
  `tags` varchar(1) DEFAULT NULL,
  PRIMARY KEY (`parsindicatorid`)
) ENGINE=InnoDB DEFAULT CHARSET=utf8]]>
            </sql>
        </table>
    </tables>
    <blocks>
        <block>
            <label>LBL_BLOCK_LETTER_INFORMATION</label>
            <fields>
                <field>
                    <fieldname>subject</fieldname>
                    <uitype>1</uitype>
                    <columnname>subject</columnname>
                    <tablename>vtiger_parsindicator</tablename>
                    <generatedtype>1</generatedtype>
                    <fieldlabel>LBL_SUBJECT</fieldlabel>
                    <readonly>1</readonly>
                    <presence>2</presence>
                    <defaultvalue></defaultvalue>
                    <sequence>1</sequence>
                    <maximumlength>100</maximumlength>
                    <typeofdata>V~M</typeofdata>
                    <quickcreate>0</quickcreate>
                    <quickcreatesequence>0</quickcreatesequence>
                    <displaytype>1</displaytype>
                    <info_type>BAS</info_type>
                    <helpinfo>
                        <![CDATA[
						
					]]>
                    </helpinfo>
                    <masseditable>0</masseditable>
                    <summaryfield>1</summaryfield>
                </field>
                <field>
                    <fieldname>internal_no</fieldname>
                    <uitype>1</uitype>
                    <columnname>internal_no</columnname>
                    <tablename>vtiger_parsindicator</tablename>
                    <generatedtype>1</generatedtype>
                    <fieldlabel>LBL_INTERNAL_NO</fieldlabel>
                    <readonly>1</readonly>
                    <presence>2</presence>
                    <defaultvalue></defaultvalue>
                    <sequence>2</sequence>
                    <maximumlength>100</maximumlength>
                    <typeofdata>V~M</typeofdata>
                    <quickcreate>0</quickcreate>
                    <quickcreatesequence>0</quickcreatesequence>
                    <displaytype>1</displaytype>
                    <info_type>BAS</info_type>
                    <helpinfo>
                        <![CDATA[
						Enter the letter No in yourcompany form template.
					]]>
                    </helpinfo>
                    <masseditable>0</masseditable>
                    <summaryfield>1</summaryfield>
                    <entityidentifier>
                        <entityidfield>parsindicatorid</entityidfield>
                        <entityidcolumn>parsindicatorid</entityidcolumn>
                    </entityidentifier>
                </field>
                <field>
                    <fieldname>letter_type</fieldname>
                    <uitype>16</uitype>
                    <columnname>letter_type</columnname>
                    <tablename>vtiger_parsindicator</tablename>
                    <generatedtype>1</generatedtype>
                    <fieldlabel>LBL_LETTER_TYPE</fieldlabel>
                    <readonly>1</readonly>
                    <presence>2</presence>
                    <defaultvalue></defaultvalue>
                    <sequence>3</sequence>
                    <maximumlength>100</maximumlength>
                    <typeofdata>V~M</typeofdata>
                    <quickcreate>0</quickcreate>
                    <quickcreatesequence>0</quickcreatesequence>
                    <displaytype>1</displaytype>
                    <info_type>BAS</info_type>
                    <helpinfo>
                        <![CDATA[
						
					]]>
                    </helpinfo>
                    <masseditable>1</masseditable>
                    <summaryfield>0</summaryfield>
                    <picklistvalues>

                        <picklistvalue>Sent</picklistvalue>
                        <picklistvalue>Received</picklistvalue>
                    </picklistvalues>
                </field>
                <field>
                    <fieldname>document_no</fieldname>
                    <uitype>1</uitype>
                    <columnname>document_no</columnname>
                    <tablename>vtiger_parsindicator</tablename>
                    <generatedtype>1</generatedtype>
                    <fieldlabel>LBL_DOCUMENT_NO</fieldlabel>
                    <readonly>1</readonly>
                    <presence>2</presence>
                    <defaultvalue></defaultvalue>
                    <sequence>4</sequence>
                    <maximumlength>100</maximumlength>
                    <typeofdata>V~O</typeofdata>
                    <quickcreate>1</quickcreate>
                    <quickcreatesequence>0</quickcreatesequence>
                    <displaytype>1</displaytype>
                    <info_type>BAS</info_type>
                    <helpinfo>
                        <![CDATA[
						Enter the existent letter No in received letter.
					]]>
                    </helpinfo>
                    <masseditable>0</masseditable>
                    <summaryfield>0</summaryfield>
                </field>
                <field>
                    <fieldname>shipment_type</fieldname>
                    <uitype>33</uitype>
                    <columnname>shipment_type</columnname>
                    <tablename>vtiger_parsindicator</tablename>
                    <generatedtype>1</generatedtype>
                    <fieldlabel>LBL_SHIPMENT_TYPE</fieldlabel>
                    <readonly>1</readonly>
                    <presence>2</presence>
                    <defaultvalue></defaultvalue>
                    <sequence>5</sequence>
                    <maximumlength>100</maximumlength>
                    <typeofdata>V~O</typeofdata>
                    <quickcreate>1</quickcreate>
                    <quickcreatesequence>0</quickcreatesequence>
                    <displaytype>1</displaytype>
                    <info_type>BAS</info_type>
                    <helpinfo>
                        <![CDATA[
						
					]]>
                    </helpinfo>
                    <masseditable>1</masseditable>
                    <summaryfield>0</summaryfield>
                    <picklistvalues>
                        <picklistvalue>Email</picklistvalue>
                        <picklistvalue>Fax</picklistvalue>
                        <picklistvalue>Post</picklistvalue>
                    </picklistvalues>
                </field>
                <field>
                    <fieldname>date_of_letter</fieldname>
                    <uitype>5</uitype>
                    <columnname>date_of_letter</columnname>
                    <tablename>vtiger_parsindicator</tablename>
                    <generatedtype>2</generatedtype>
                    <fieldlabel>LBL_DATE_OF_LETTER</fieldlabel>
                    <readonly>1</readonly>
                    <presence>2</presence>
                    <defaultvalue></defaultvalue>
                    <sequence>6</sequence>
                    <maximumlength>100</maximumlength>
                    <typeofdata>D~M</typeofdata>
                    <quickcreate>0</quickcreate>
                    <quickcreatesequence>0</quickcreatesequence>
                    <displaytype>1</displaytype>
                    <info_type>BAS</info_type>
                    <helpinfo>
                        <![CDATA[
						
					]]>
                    </helpinfo>
                    <masseditable>1</masseditable>
                    <summaryfield>1</summaryfield>
                </field>
                <field>
                    <fieldname>related_to</fieldname>
                    <uitype>10</uitype>
                    <columnname>related_to</columnname>
                    <tablename>vtiger_parsindicator</tablename>
                    <generatedtype>1</generatedtype>
                    <fieldlabel>LBL_RELATED_TO</fieldlabel>
                    <readonly>1</readonly>
                    <presence>2</presence>
                    <defaultvalue></defaultvalue>
                    <sequence>7</sequence>
                    <maximumlength>100</maximumlength>
                    <typeofdata>V~O</typeofdata>
                    <quickcreate>0</quickcreate>
                    <quickcreatesequence>1</quickcreatesequence>
                    <displaytype>1</displaytype>
                    <info_type>BAS</info_type>
                    <helpinfo>
                        <![CDATA[
						
					]]>
                    </helpinfo>
                    <masseditable>1</masseditable>
                    <summaryfield>1</summaryfield>
                    <relatedmodules>
                        <relatedmodule>Contacts</relatedmodule>
                        <relatedmodule>Accounts</relatedmodule>
                        <relatedmodule>Leads</relatedmodule>
                        <relatedmodule>Vendors</relatedmodule>
                    </relatedmodules>
                </field>
                <field>
                    <fieldname>title</fieldname>
                    <uitype>33</uitype>
                    <columnname>title</columnname>
                    <tablename>vtiger_parsindicator</tablename>
                    <generatedtype>1</generatedtype>
                    <fieldlabel>LBL_TITLE</fieldlabel>
                    <readonly>1</readonly>
                    <presence>2</presence>
                    <defaultvalue></defaultvalue>
                    <sequence>8</sequence>
                    <maximumlength>100</maximumlength>
                    <typeofdata>V~O</typeofdata>
                    <quickcreate>1</quickcreate>
                    <quickcreatesequence>0</quickcreatesequence>
                    <displaytype>1</displaytype>
                    <info_type>BAS</info_type>
                    <helpinfo>
                        <![CDATA[
						
					]]>
                    </helpinfo>
                    <masseditable>1</masseditable>
                    <summaryfield>1</summaryfield>
                    <picklistvalues>
                        <picklistvalue>Invition</picklistvalue>
                        <picklistvalue>Introduction letter</picklistvalue>
                        <picklistvalue>Certificate</picklistvalue>
                        <picklistvalue>Notifications</picklistvalue>
                        <picklistvalue>Notices</picklistvalue>
                        <picklistvalue>Inquiry</picklistvalue>
                        <picklistvalue>Report</picklistvalue>
                        <picklistvalue>Financial documents</picklistvalue>
                        <picklistvalue>Support</picklistvalue>
                        <picklistvalue>Services</picklistvalue>
                        <picklistvalue>Invoice</picklistvalue>
                        <picklistvalue>Quote</picklistvalue>
                        <picklistvalue>Publicity</picklistvalue>
                        <picklistvalue>Contract</picklistvalue>
                    </picklistvalues>
                </field>
                <field>
                    <fieldname>sent_or_received_by</fieldname>
                    <uitype>1</uitype>
                    <columnname>sent_or_received_by</columnname>
                    <tablename>vtiger_parsindicator</tablename>
                    <generatedtype>1</generatedtype>
                    <fieldlabel>LBL_SENT_OR_RECEIVED_BY</fieldlabel>
                    <readonly>1</readonly>
                    <presence>2</presence>
                    <defaultvalue></defaultvalue>
                    <sequence>9</sequence>
                    <maximumlength>100</maximumlength>
                    <typeofdata>V~O</typeofdata>
                    <quickcreate>1</quickcreate>
                    <quickcreatesequence>0</quickcreatesequence>
                    <displaytype>1</displaytype>
                    <info_type>BAS</info_type>
                    <helpinfo>
                        <![CDATA[
						write the name of sender/ recever user.
					]]>
                    </helpinfo>
                    <masseditable>1</masseditable>
                    <summaryfield>1</summaryfield>
                </field>
                <field>
                    <fieldname>dimensions</fieldname>
                    <uitype>16</uitype>
                    <columnname>dimensions</columnname>
                    <tablename>vtiger_parsindicator</tablename>
                    <generatedtype>1</generatedtype>
                    <fieldlabel>LBL_DIMENSIONS</fieldlabel>
                    <readonly>1</readonly>
                    <presence>2</presence>
                    <defaultvalue></defaultvalue>
                    <sequence>10</sequence>
                    <maximumlength>100</maximumlength>
                    <typeofdata>V~O</typeofdata>
                    <quickcreate>1</quickcreate>
                    <quickcreatesequence>0</quickcreatesequence>
                    <displaytype>1</displaytype>
                    <info_type>BAS</info_type>
                    <helpinfo>
                        <![CDATA[
						
					]]>
                    </helpinfo>
                    <masseditable>1</masseditable>
                    <summaryfield>0</summaryfield>
                    <picklistvalues>

                        <picklistvalue>A4</picklistvalue>
                        <picklistvalue>A5</picklistvalue>
                    </picklistvalues>
                </field>
                <field>
                    <fieldname>file_of_letter</fieldname>
                    <uitype>10</uitype>
                    <columnname>file_of_letter</columnname>
                    <tablename>vtiger_parsindicator</tablename>
                    <generatedtype>1</generatedtype>
                    <fieldlabel>LBL_FILE_OF_LETTER</fieldlabel>
                    <readonly>1</readonly>
                    <presence>2</presence>
                    <defaultvalue></defaultvalue>
                    <sequence>11</sequence>
                    <maximumlength>100</maximumlength>
                    <typeofdata>V~M</typeofdata>
                    <quickcreate>0</quickcreate>
                    <quickcreatesequence>0</quickcreatesequence>
                    <displaytype>1</displaytype>
                    <info_type>BAS</info_type>
                    <helpinfo>
                        <![CDATA[
						
					]]>
                    </helpinfo>
                    <masseditable>0</masseditable>
                    <summaryfield>0</summaryfield>
                    <relatedmodules>
                        <relatedmodule>Documents</relatedmodule>
                    </relatedmodules>
                </field>
                <field>
                    <fieldname>number_of_pages</fieldname>
                    <uitype>7</uitype>
                    <columnname>number_of_pages</columnname>
                    <tablename>vtiger_parsindicator</tablename>
                    <generatedtype>1</generatedtype>
                    <fieldlabel>LBL_NUMBER_OF_PAGES</fieldlabel>
                    <readonly>1</readonly>
                    <presence>2</presence>
                    <defaultvalue></defaultvalue>
                    <sequence>12</sequence>
                    <maximumlength>100</maximumlength>
                    <typeofdata>I~O</typeofdata>
                    <quickcreate>1</quickcreate>
                    <quickcreatesequence>0</quickcreatesequence>
                    <displaytype>1</displaytype>
                    <info_type>BAS</info_type>
                    <helpinfo>
                        <![CDATA[
						
					]]>
                    </helpinfo>
                    <masseditable>1</masseditable>
                    <summaryfield>0</summaryfield>
                </field>
                <field>
                    <fieldname>assigned_user_id</fieldname>
                    <uitype>53</uitype>
                    <columnname>smownerid</columnname>
                    <tablename>vtiger_crmentity</tablename>
                    <generatedtype>1</generatedtype>
                    <fieldlabel>Assigned To</fieldlabel>
                    <readonly>1</readonly>
                    <presence>2</presence>
                    <defaultvalue></defaultvalue>
                    <sequence>13</sequence>
                    <maximumlength>100</maximumlength>
                    <typeofdata>V~M</typeofdata>
                    <quickcreate>0</quickcreate>
                    <quickcreatesequence>0</quickcreatesequence>
                    <displaytype>1</displaytype>
                    <info_type>BAS</info_type>
                    <helpinfo>
                        <![CDATA[
						
					]]>
                    </helpinfo>
                    <masseditable>1</masseditable>
                    <summaryfield>1</summaryfield>
                </field>
                <field>
                    <fieldname>type</fieldname>
                    <uitype>16</uitype>
                    <columnname>type</columnname>
                    <tablename>vtiger_parsindicator</tablename>
                    <generatedtype>1</generatedtype>
                    <fieldlabel>LBL_TYPE</fieldlabel>
                    <readonly>1</readonly>
                    <presence>2</presence>
                    <defaultvalue></defaultvalue>
                    <sequence>14</sequence>
                    <maximumlength>100</maximumlength>
                    <typeofdata>V~O</typeofdata>
                    <quickcreate>0</quickcreate>
                    <quickcreatesequence>0</quickcreatesequence>
                    <displaytype>1</displaytype>
                    <info_type>BAS</info_type>
                    <helpinfo>
                        <![CDATA[
						
					]]>
                    </helpinfo>
                    <masseditable>1</masseditable>
                    <summaryfield>0</summaryfield>
                    <picklistvalues>

                        <picklistvalue>New letter</picklistvalue>
                        <picklistvalue>Reference letter</picklistvalue>
                    </picklistvalues>
                </field>
                <field>
                    <fieldname>related_letter</fieldname>
                    <uitype>10</uitype>
                    <columnname>related_letter</columnname>
                    <tablename>vtiger_parsindicator</tablename>
                    <generatedtype>1</generatedtype>
                    <fieldlabel>LBL_RELATED_LETTER</fieldlabel>
                    <readonly>1</readonly>
                    <presence>2</presence>
                    <defaultvalue></defaultvalue>
                    <sequence>15</sequence>
                    <maximumlength>100</maximumlength>
                    <typeofdata>V~O</typeofdata>
                    <quickcreate>0</quickcreate>
                    <quickcreatesequence>0</quickcreatesequence>
                    <displaytype>1</displaytype>
                    <info_type>BAS</info_type>
                    <helpinfo>
                        <![CDATA[
						
					]]>
                    </helpinfo>
                    <masseditable>1</masseditable>
                    <summaryfield>0</summaryfield>
                    <relatedmodules>
                        <relatedmodule>Parsindicator</relatedmodule>
                    </relatedmodules>
                </field>
                <field>
                    <fieldname>attachment</fieldname>
                    <uitype>16</uitype>
                    <columnname>attachment</columnname>
                    <tablename>vtiger_parsindicator</tablename>
                    <generatedtype>1</generatedtype>
                    <fieldlabel>LBL_ATTACHMENT</fieldlabel>
                    <readonly>1</readonly>
                    <presence>2</presence>
                    <defaultvalue></defaultvalue>
                    <sequence>16</sequence>
                    <maximumlength>100</maximumlength>
                    <typeofdata>V~O</typeofdata>
                    <quickcreate>0</quickcreate>
                    <quickcreatesequence>0</quickcreatesequence>
                    <displaytype>1</displaytype>
                    <info_type>BAS</info_type>
                    <helpinfo>
                        <![CDATA[
						
					]]>
                    </helpinfo>
                    <masseditable>1</masseditable>
                    <summaryfield>0</summaryfield>
                    <picklistvalues>

                        <picklistvalue>Yes</picklistvalue>
                        <picklistvalue>No</picklistvalue>
                    </picklistvalues>
                </field>
                <field>
                    <fieldname>source</fieldname>
                    <uitype>1</uitype>
                    <columnname>source</columnname>
                    <tablename>vtiger_crmentity</tablename>
                    <generatedtype>1</generatedtype>
                    <fieldlabel>Source</fieldlabel>
                    <readonly>1</readonly>
                    <presence>2</presence>
                    <defaultvalue></defaultvalue>
                    <sequence>17</sequence>
                    <maximumlength>100</maximumlength>
                    <typeofdata>V~O</typeofdata>
                    <quickcreate>3</quickcreate>
                    <quickcreatesequence>2</quickcreatesequence>
                    <displaytype>2</displaytype>
                    <info_type>BAS</info_type>
                    <helpinfo>
                        <![CDATA[]]>
                    </helpinfo>
                    <masseditable>0</masseditable>
                    <summaryfield>0</summaryfield>
                </field>
                <field>
                    <fieldname>tags</fieldname>
                    <uitype>1</uitype>
                    <columnname>tags</columnname>
                    <tablename>vtiger_parsindicatorcf</tablename>
                    <generatedtype>1</generatedtype>
                    <fieldlabel>tags</fieldlabel>
                    <readonly>1</readonly>
                    <presence>2</presence>
                    <defaultvalue></defaultvalue>
                    <sequence>18</sequence>
                    <maximumlength>100</maximumlength>
                    <typeofdata>V~O</typeofdata>
                    <quickcreate>3</quickcreate>
                    <quickcreatesequence>3</quickcreatesequence>
                    <displaytype>6</displaytype>
                    <info_type>BAS</info_type>
                    <helpinfo>
                        <![CDATA[]]>
                    </helpinfo>
                    <masseditable>0</masseditable>
                    <summaryfield>0</summaryfield>
                </field>
            </fields>
        </block>
        <block>
            <label>LBL_BLOCK_SYSTEM_INFORMATION</label>
            <fields>
                <field>
                    <fieldname>createdtime</fieldname>
                    <uitype>70</uitype>
                    <columnname>createdtime</columnname>
                    <tablename>vtiger_crmentity</tablename>
                    <generatedtype>1</generatedtype>
                    <fieldlabel>Created Time</fieldlabel>
                    <readonly>1</readonly>
                    <presence>2</presence>
                    <defaultvalue></defaultvalue>
                    <sequence>1</sequence>
                    <maximumlength>100</maximumlength>
                    <typeofdata>T~O</typeofdata>
                    <quickcreate>0</quickcreate>
                    <quickcreatesequence>0</quickcreatesequence>
                    <displaytype>2</displaytype>
                    <info_type>BAS</info_type>
                    <helpinfo>
                        <![CDATA[
						
					]]>
                    </helpinfo>
                    <masseditable>0</masseditable>
                    <summaryfield>0</summaryfield>
                </field>
                <field>
                    <fieldname>modifiedtime</fieldname>
                    <uitype>70</uitype>
                    <columnname>modifiedtime</columnname>
                    <tablename>vtiger_crmentity</tablename>
                    <generatedtype>1</generatedtype>
                    <fieldlabel>Modified Time</fieldlabel>
                    <readonly>1</readonly>
                    <presence>2</presence>
                    <defaultvalue></defaultvalue>
                    <sequence>2</sequence>
                    <maximumlength>100</maximumlength>
                    <typeofdata>DT~O</typeofdata>
                    <quickcreate>0</quickcreate>
                    <quickcreatesequence>0</quickcreatesequence>
                    <displaytype>2</displaytype>
                    <info_type>BAS</info_type>
                    <helpinfo>
                        <![CDATA[
						
					]]>
                    </helpinfo>
                    <masseditable>0</masseditable>
                    <summaryfield>0</summaryfield>
                </field>
            </fields>
        </block>
        <block>
            <label>LBL_BLOCK_DESCRIPTION</label>
            <fields>
                <field>
                    <fieldname>description</fieldname>
                    <uitype>19</uitype>
                    <columnname>description</columnname>
                    <tablename>vtiger_parsindicator</tablename>
                    <generatedtype>1</generatedtype>
                    <fieldlabel>LBL_DESCRIPTION</fieldlabel>
                    <readonly>1</readonly>
                    <presence>2</presence>
                    <defaultvalue></defaultvalue>
                    <sequence>1</sequence>
                    <maximumlength>100</maximumlength>
                    <typeofdata>V~O</typeofdata>
                    <quickcreate>1</quickcreate>
                    <quickcreatesequence>0</quickcreatesequence>
                    <displaytype>1</displaytype>
                    <info_type>BAS</info_type>
                    <helpinfo>
                        <![CDATA[
						
					]]>
                    </helpinfo>
                    <masseditable>0</masseditable>
                    <summaryfield>0</summaryfield>
                </field>
            </fields>
        </block>
    </blocks>
    <customviews>
        <customview>
            <viewname>All</viewname>
            <setdefault>true</setdefault>
            <setmetrics>false</setmetrics>
            <fields>
                <field>
                    <fieldname>subject</fieldname>
                    <columnindex>1</columnindex>
                </field>
                <field>
                    <fieldname>internal_no</fieldname>
                    <columnindex>2</columnindex>
                </field>
                <field>
                    <fieldname>letter_type</fieldname>
                    <columnindex>3</columnindex>
                </field>
                <field>
                    <fieldname>date_of_letter</fieldname>
                    <columnindex>4</columnindex>
                </field>
                <field>
                    <fieldname>related_to</fieldname>
                    <columnindex>5</columnindex>
                </field>
            </fields>
        </customview>
    </customviews>
    <sharingaccess>
        <default>public_readwritedelete</default>
    </sharingaccess>
    <actions>
        <action>
            <name>
                <![CDATA[Import]]>
            </name>
            <status>enabled</status>
        </action>
        <action>
            <name>
                <![CDATA[Export]]>
            </name>
            <status>enabled</status>
        </action>
        <action>
            <name>
                <![CDATA[Merge]]>
            </name>
            <status>enabled</status>
        </action>
    </actions>
    <relatedlists>
        <relatedlist>
            <function>get_comments</function>
            <label>ModComments</label>
            <sequence>1</sequence>
            <presence>0</presence>
            <actions>
                <action>ADD</action>
            </actions>
            <relatedmodule>ModComments</relatedmodule>
        </relatedlist>
        <relatedlist>
            <function>get_attachments</function>
            <label>Documents</label>
            <sequence>2</sequence>
            <presence>0</presence>
            <actions>
                <action>ADD</action>
                <action>SELECT</action>
            </actions>
            <relatedmodule>Documents</relatedmodule>
        </relatedlist>
        <relatedlist>
            <function>get_activities</function>
            <label>Activities</label>
            <sequence>3</sequence>
            <presence>0</presence>
            <actions>
                <action>ADD</action>
            </actions>
            <relatedmodule>Calendar</relatedmodule>
        </relatedlist>
        <relatedlist>
            <function>get_emails</function>
            <label>Emails</label>
            <sequence>4</sequence>
            <presence>0</presence>
            <actions>
                <action>ADD</action>
            </actions>
            <relatedmodule>Emails</relatedmodule>
        </relatedlist>
    </relatedlists>
    <customlinks>
        <customlink>
            <linktype>DETAILVIEWBASIC</linktype>
            <linklabel>View History</linklabel>
            <linkurl>
                <![CDATA[
				javascript:ModTrackerCommon.showhistory('$RECORD$')
			]]>
            </linkurl>
            <linkicon>
                <![CDATA[
				
			]]>
            </linkicon>
            <sequence>1</sequence>
            <handler_path>
                <![CDATA[]]>
            </handler_path>
            <handler_class>
                <![CDATA[]]>
            </handler_class>
            <handler>
                <![CDATA[]]>
            </handler>
        </customlink>
    </customlinks>
    <crons></crons>
</module>
