<?xml version='1.0'?>
<module>
<exporttime>2019-04-07 16:41:10</exporttime>
<name>ParsFax</name>
<label>ParsFax</label>
<parent>Tools</parent>
<version>1.0</version>
<dependencies>
<vtiger_version>6.0.0</vtiger_version>
</dependencies>
<tables>
<table>
<name>vtiger_parsfax</name>
<sql><![CDATA[CREATE TABLE `vtiger_parsfax` (
  `parsfaxid` int(11) NOT NULL DEFAULT '0',
  `fax_record_no` varchar(128) DEFAULT NULL,
  `fax_sender_name` int(19) DEFAULT NULL,
  `fax_zone_charge_per_page` varchar(128) DEFAULT NULL,
  `fax_comment` text,
  `fax_sender_phone` varchar(128) DEFAULT NULL,
  `fax_resource` varchar(128) DEFAULT NULL,
  `fax_sms_charge` varchar(128) DEFAULT NULL,
  `fax_total_page_charge` varchar(128) DEFAULT NULL,
  `fax_sender_type` varchar(128) DEFAULT NULL,
  `fax_fax_type` varchar(128) DEFAULT NULL,
  `fax_received_phone` varchar(128) DEFAULT NULL,
  `fax_header` varchar(128) DEFAULT NULL,
  `fax_total_pages` varchar(128) DEFAULT NULL,
  `fax_status` varchar(128) DEFAULT NULL,
  `fax_submitted_date` datetime DEFAULT NULL,
  `fax_scheduled_date` datetime DEFAULT NULL,
  `fax_communication_date` datetime DEFAULT NULL,
  `fax_fax_file` int(19) DEFAULT NULL,
  `fax_inventory_module` int(19) DEFAULT NULL,
  `tags` varchar(1) DEFAULT NULL,
  PRIMARY KEY (`parsfaxid`)
) ENGINE=InnoDB DEFAULT CHARSET=utf8]]></sql>
</table>
<table>
<name>vtiger_parsfaxcf</name>
<sql><![CDATA[CREATE TABLE `vtiger_parsfaxcf` (
  `parsfaxid` int(11) NOT NULL,
  PRIMARY KEY (`parsfaxid`)
) ENGINE=InnoDB DEFAULT CHARSET=utf8]]></sql>
</table>
<table>
<name>vtiger_parsfax_logs</name>
<sql><![CDATA[CREATE TABLE `vtiger_parsfax_logs` (
  `id` int(11) NOT NULL AUTO_INCREMENT,
  `provider` varchar(255) NOT NULL,
  `filename` varchar(255) NOT NULL,
  `numbers` varchar(255) NOT NULL,
  `filepagecount` int(11) NOT NULL,
  `status` varchar(500) NOT NULL,
  PRIMARY KEY (`id`)
) ENGINE=InnoDB AUTO_INCREMENT=34 DEFAULT CHARSET=utf8]]></sql>
</table>
<table>
<name>vtiger_parsfax_providers</name>
<sql><![CDATA[CREATE TABLE `vtiger_parsfax_providers` (
  `id` int(11) NOT NULL AUTO_INCREMENT,
  `isactive` int(1) DEFAULT NULL,
  `providertype` varchar(50) COLLATE utf8_unicode_ci DEFAULT NULL,
  `parameters` text COLLATE utf8_unicode_ci,
  PRIMARY KEY (`id`)
) ENGINE=InnoDB AUTO_INCREMENT=5 DEFAULT CHARSET=utf8 COLLATE=utf8_unicode_ci]]></sql>
</table>
<table>
<name>vtiger_parsfax_settings</name>
<sql><![CDATA[CREATE TABLE `vtiger_parsfax_settings` (
  `settings_name` varchar(200) COLLATE utf8_unicode_ci NOT NULL DEFAULT '',
  `settings_value` text COLLATE utf8_unicode_ci NOT NULL,
  PRIMARY KEY (`settings_name`)
) ENGINE=InnoDB DEFAULT CHARSET=utf8 COLLATE=utf8_unicode_ci]]></sql>
</table>
</tables>
<blocks>
<block>
<label>LBL_BLOCK_FAX_INFORMATION</label>
<fields>
<field>
<fieldname>fax_record_no</fieldname>
<uitype>1</uitype>
<columnname>fax_record_no</columnname>
<tablename>vtiger_parsfax</tablename>
<generatedtype>1</generatedtype>
<fieldlabel>LBL_FAX_RECORD_NO</fieldlabel>
<readonly>1</readonly>
<presence>2</presence>
<defaultvalue></defaultvalue>
<sequence>1</sequence>
<maximumlength>100</maximumlength>
<typeofdata>V~M</typeofdata>
<quickcreate>0</quickcreate>
<quickcreatesequence>0</quickcreatesequence>
<displaytype>1</displaytype>
<info_type>BAS</info_type>
<helpinfo><![CDATA[]]></helpinfo>
<masseditable>0</masseditable>
<summaryfield>0</summaryfield>
<entityidentifier>
<entityidfield>parsfaxid</entityidfield>
<entityidcolumn>parsfaxid</entityidcolumn>
</entityidentifier>
</field>
<field>
<fieldname>fax_resource</fieldname>
<uitype>1</uitype>
<columnname>fax_resource</columnname>
<tablename>vtiger_parsfax</tablename>
<generatedtype>1</generatedtype>
<fieldlabel>LBL_FAX_RESOURCE</fieldlabel>
<readonly>1</readonly>
<presence>2</presence>
<defaultvalue></defaultvalue>
<sequence>2</sequence>
<maximumlength>100</maximumlength>
<typeofdata>V~M</typeofdata>
<quickcreate>0</quickcreate>
<quickcreatesequence>0</quickcreatesequence>
<displaytype>1</displaytype>
<info_type>BAS</info_type>
<helpinfo><![CDATA[]]></helpinfo>
<masseditable>0</masseditable>
<summaryfield>0</summaryfield>
</field>
<field>
<fieldname>fax_fax_type</fieldname>
<uitype>16</uitype>
<columnname>fax_fax_type</columnname>
<tablename>vtiger_parsfax</tablename>
<generatedtype>1</generatedtype>
<fieldlabel>LBL_FAX_FAX_TYPE</fieldlabel>
<readonly>1</readonly>
<presence>2</presence>
<defaultvalue></defaultvalue>
<sequence>3</sequence>
<maximumlength>100</maximumlength>
<typeofdata>V~O</typeofdata>
<quickcreate>1</quickcreate>
<quickcreatesequence>0</quickcreatesequence>
<displaytype>1</displaytype>
<info_type>BAS</info_type>
<helpinfo><![CDATA[]]></helpinfo>
<masseditable>0</masseditable>
<summaryfield>0</summaryfield>
<picklistvalues>
<picklistvalue>Sent</picklistvalue>
<picklistvalue>Received</picklistvalue>
<picklistvalue>Sent</picklistvalue>
<picklistvalue>Received</picklistvalue>
<picklistvalue>Sent</picklistvalue>
<picklistvalue>Received</picklistvalue>
</picklistvalues>
</field>
<field>
<fieldname>fax_received_phone</fieldname>
<uitype>1</uitype>
<columnname>fax_received_phone</columnname>
<tablename>vtiger_parsfax</tablename>
<generatedtype>1</generatedtype>
<fieldlabel>LBL_FAX_RECEIVED_PHONE</fieldlabel>
<readonly>1</readonly>
<presence>2</presence>
<defaultvalue></defaultvalue>
<sequence>4</sequence>
<maximumlength>100</maximumlength>
<typeofdata>V~M</typeofdata>
<quickcreate>0</quickcreate>
<quickcreatesequence>0</quickcreatesequence>
<displaytype>1</displaytype>
<info_type>BAS</info_type>
<helpinfo><![CDATA[]]></helpinfo>
<masseditable>0</masseditable>
<summaryfield>0</summaryfield>
</field>
<field>
<fieldname>fax_header</fieldname>
<uitype>1</uitype>
<columnname>fax_header</columnname>
<tablename>vtiger_parsfax</tablename>
<generatedtype>1</generatedtype>
<fieldlabel>LBL_FAX_HEADER</fieldlabel>
<readonly>1</readonly>
<presence>2</presence>
<defaultvalue></defaultvalue>
<sequence>5</sequence>
<maximumlength>100</maximumlength>
<typeofdata>V~O</typeofdata>
<quickcreate>1</quickcreate>
<quickcreatesequence>0</quickcreatesequence>
<displaytype>1</displaytype>
<info_type>BAS</info_type>
<helpinfo><![CDATA[]]></helpinfo>
<masseditable>0</masseditable>
<summaryfield>0</summaryfield>
</field>
<field>
<fieldname>fax_total_pages</fieldname>
<uitype>1</uitype>
<columnname>fax_total_pages</columnname>
<tablename>vtiger_parsfax</tablename>
<generatedtype>1</generatedtype>
<fieldlabel>LBL_FAX_TOTAL_PAGES</fieldlabel>
<readonly>1</readonly>
<presence>2</presence>
<defaultvalue></defaultvalue>
<sequence>6</sequence>
<maximumlength>100</maximumlength>
<typeofdata>V~M</typeofdata>
<quickcreate>0</quickcreate>
<quickcreatesequence>0</quickcreatesequence>
<displaytype>1</displaytype>
<info_type>BAS</info_type>
<helpinfo><![CDATA[]]></helpinfo>
<masseditable>0</masseditable>
<summaryfield>0</summaryfield>
</field>
<field>
<fieldname>fax_status</fieldname>
<uitype>16</uitype>
<columnname>fax_status</columnname>
<tablename>vtiger_parsfax</tablename>
<generatedtype>1</generatedtype>
<fieldlabel>LBL_FAX_STATUS</fieldlabel>
<readonly>1</readonly>
<presence>2</presence>
<defaultvalue></defaultvalue>
<sequence>7</sequence>
<maximumlength>100</maximumlength>
<typeofdata>V~M</typeofdata>
<quickcreate>0</quickcreate>
<quickcreatesequence>0</quickcreatesequence>
<displaytype>1</displaytype>
<info_type>BAS</info_type>
<helpinfo><![CDATA[]]></helpinfo>
<masseditable>0</masseditable>
<summaryfield>0</summaryfield>
<picklistvalues>
<picklistvalue>Successful</picklistvalue>
<picklistvalue>Failed</picklistvalue>
<picklistvalue>Pending</picklistvalue>
<picklistvalue>No Carrier</picklistvalue>
<picklistvalue>Busy Signal</picklistvalue>
<picklistvalue>Successful</picklistvalue>
<picklistvalue>Failed</picklistvalue>
<picklistvalue>Pending</picklistvalue>
<picklistvalue>No Carrier</picklistvalue>
<picklistvalue>Busy Signal</picklistvalue>
<picklistvalue>Successful</picklistvalue>
<picklistvalue>Failed</picklistvalue>
<picklistvalue>Pending</picklistvalue>
<picklistvalue>No Carrier</picklistvalue>
<picklistvalue>Busy Signal</picklistvalue>
</picklistvalues>
</field>
<field>
<fieldname>fax_submitted_date</fieldname>
<uitype>6</uitype>
<columnname>fax_submitted_date</columnname>
<tablename>vtiger_parsfax</tablename>
<generatedtype>2</generatedtype>
<fieldlabel>LBL_FAX_SUBMITTED_DATE</fieldlabel>
<readonly>1</readonly>
<presence>2</presence>
<defaultvalue></defaultvalue>
<sequence>8</sequence>
<maximumlength>100</maximumlength>
<typeofdata>DT~O</typeofdata>
<quickcreate>1</quickcreate>
<quickcreatesequence>0</quickcreatesequence>
<displaytype>1</displaytype>
<info_type>BAS</info_type>
<helpinfo><![CDATA[]]></helpinfo>
<masseditable>0</masseditable>
<summaryfield>0</summaryfield>
</field>
<field>
<fieldname>fax_scheduled_date</fieldname>
<uitype>6</uitype>
<columnname>fax_scheduled_date</columnname>
<tablename>vtiger_parsfax</tablename>
<generatedtype>2</generatedtype>
<fieldlabel>LBL_FAX_SCHEDULED_DATE</fieldlabel>
<readonly>1</readonly>
<presence>2</presence>
<defaultvalue></defaultvalue>
<sequence>9</sequence>
<maximumlength>100</maximumlength>
<typeofdata>DT~O</typeofdata>
<quickcreate>1</quickcreate>
<quickcreatesequence>0</quickcreatesequence>
<displaytype>1</displaytype>
<info_type>BAS</info_type>
<helpinfo><![CDATA[]]></helpinfo>
<masseditable>0</masseditable>
<summaryfield>0</summaryfield>
</field>
<field>
<fieldname>fax_communication_date</fieldname>
<uitype>6</uitype>
<columnname>fax_communication_date</columnname>
<tablename>vtiger_parsfax</tablename>
<generatedtype>2</generatedtype>
<fieldlabel>LBL_FAX_COMMUNICATION_DATE</fieldlabel>
<readonly>1</readonly>
<presence>2</presence>
<defaultvalue></defaultvalue>
<sequence>10</sequence>
<maximumlength>100</maximumlength>
<typeofdata>DT~O</typeofdata>
<quickcreate>1</quickcreate>
<quickcreatesequence>0</quickcreatesequence>
<displaytype>1</displaytype>
<info_type>BAS</info_type>
<helpinfo><![CDATA[]]></helpinfo>
<masseditable>0</masseditable>
<summaryfield>0</summaryfield>
</field>
<field>
<fieldname>fax_fax_file</fieldname>
<uitype>10</uitype>
<columnname>fax_fax_file</columnname>
<tablename>vtiger_parsfax</tablename>
<generatedtype>1</generatedtype>
<fieldlabel>LBL_FAX_FAX_FILE</fieldlabel>
<readonly>1</readonly>
<presence>2</presence>
<defaultvalue></defaultvalue>
<sequence>11</sequence>
<maximumlength>100</maximumlength>
<typeofdata>V~O</typeofdata>
<quickcreate>1</quickcreate>
<quickcreatesequence>0</quickcreatesequence>
<displaytype>1</displaytype>
<info_type>BAS</info_type>
<helpinfo><![CDATA[]]></helpinfo>
<masseditable>0</masseditable>
<summaryfield>0</summaryfield>
<relatedmodules>
<relatedmodule>Documents</relatedmodule>
</relatedmodules>
</field>
<field>
<fieldname>assigned_user_id</fieldname>
<uitype>53</uitype>
<columnname>smownerid</columnname>
<tablename>vtiger_crmentity</tablename>
<generatedtype>1</generatedtype>
<fieldlabel>Assigned To</fieldlabel>
<readonly>1</readonly>
<presence>2</presence>
<defaultvalue></defaultvalue>
<sequence>12</sequence>
<maximumlength>100</maximumlength>
<typeofdata>V~M</typeofdata>
<quickcreate>0</quickcreate>
<quickcreatesequence>0</quickcreatesequence>
<displaytype>1</displaytype>
<info_type>BAS</info_type>
<helpinfo><![CDATA[]]></helpinfo>
<masseditable>1</masseditable>
<summaryfield>0</summaryfield>
</field>
<field>
<fieldname>createdtime</fieldname>
<uitype>70</uitype>
<columnname>createdtime</columnname>
<tablename>vtiger_crmentity</tablename>
<generatedtype>1</generatedtype>
<fieldlabel>Created Time</fieldlabel>
<readonly>1</readonly>
<presence>2</presence>
<defaultvalue></defaultvalue>
<sequence>13</sequence>
<maximumlength>100</maximumlength>
<typeofdata>T~O</typeofdata>
<quickcreate>0</quickcreate>
<quickcreatesequence>0</quickcreatesequence>
<displaytype>2</displaytype>
<info_type>BAS</info_type>
<helpinfo><![CDATA[]]></helpinfo>
<masseditable>0</masseditable>
<summaryfield>0</summaryfield>
</field>
<field>
<fieldname>modifiedtime</fieldname>
<uitype>19</uitype>
<columnname>modifiedtime</columnname>
<tablename>vtiger_crmentity</tablename>
<generatedtype>1</generatedtype>
<fieldlabel>Modified Time</fieldlabel>
<readonly>1</readonly>
<presence>2</presence>
<defaultvalue></defaultvalue>
<sequence>14</sequence>
<maximumlength>100</maximumlength>
<typeofdata>T~O</typeofdata>
<quickcreate>0</quickcreate>
<quickcreatesequence>0</quickcreatesequence>
<displaytype>2</displaytype>
<info_type>BAS</info_type>
<helpinfo><![CDATA[]]></helpinfo>
<masseditable>0</masseditable>
<summaryfield>0</summaryfield>
</field>
<field>
<fieldname>fax_inventory_module</fieldname>
<uitype>10</uitype>
<columnname>fax_inventory_module</columnname>
<tablename>vtiger_parsfax</tablename>
<generatedtype>1</generatedtype>
<fieldlabel>Related to</fieldlabel>
<readonly>1</readonly>
<presence>2</presence>
<defaultvalue></defaultvalue>
<sequence>17</sequence>
<maximumlength>100</maximumlength>
<typeofdata>V~O</typeofdata>
<quickcreate>1</quickcreate>
<quickcreatesequence>0</quickcreatesequence>
<displaytype>1</displaytype>
<info_type>BAS</info_type>
<helpinfo><![CDATA[]]></helpinfo>
<masseditable>1</masseditable>
<summaryfield>0</summaryfield>
<relatedmodules>
<relatedmodule>Invoice</relatedmodule>
<relatedmodule>PurchaseOrder</relatedmodule>
<relatedmodule>Quotes</relatedmodule>
<relatedmodule>SalesOrder</relatedmodule>
</relatedmodules>
</field>
<field>
<fieldname>source</fieldname>
<uitype>1</uitype>
<columnname>source</columnname>
<tablename>vtiger_crmentity</tablename>
<generatedtype>1</generatedtype>
<fieldlabel>Source</fieldlabel>
<readonly>1</readonly>
<presence>2</presence>
<defaultvalue></defaultvalue>
<sequence>18</sequence>
<maximumlength>100</maximumlength>
<typeofdata>V~O</typeofdata>
<quickcreate>3</quickcreate>
<quickcreatesequence>1</quickcreatesequence>
<displaytype>2</displaytype>
<info_type>BAS</info_type>
<helpinfo><![CDATA[]]></helpinfo>
<masseditable>0</masseditable>
<summaryfield>0</summaryfield>
</field>
<field>
<fieldname>starred</fieldname>
<uitype>56</uitype>
<columnname>starred</columnname>
<tablename>vtiger_crmentity_user_field</tablename>
<generatedtype>1</generatedtype>
<fieldlabel>starred</fieldlabel>
<readonly>1</readonly>
<presence>2</presence>
<defaultvalue></defaultvalue>
<sequence>19</sequence>
<maximumlength>100</maximumlength>
<typeofdata>C~O</typeofdata>
<quickcreate>3</quickcreate>
<quickcreatesequence>2</quickcreatesequence>
<displaytype>6</displaytype>
<info_type>BAS</info_type>
<helpinfo><![CDATA[]]></helpinfo>
<masseditable>0</masseditable>
<summaryfield>0</summaryfield>
</field>
<field>
<fieldname>tags</fieldname>
<uitype>1</uitype>
<columnname>tags</columnname>
<tablename>vtiger_parsfax</tablename>
<generatedtype>1</generatedtype>
<fieldlabel>tags</fieldlabel>
<readonly>1</readonly>
<presence>2</presence>
<defaultvalue></defaultvalue>
<sequence>20</sequence>
<maximumlength>100</maximumlength>
<typeofdata>V~O</typeofdata>
<quickcreate>3</quickcreate>
<quickcreatesequence>3</quickcreatesequence>
<displaytype>6</displaytype>
<info_type>BAS</info_type>
<helpinfo><![CDATA[]]></helpinfo>
<masseditable>0</masseditable>
<summaryfield>0</summaryfield>
</field>
</fields>
</block>
<block>
<label>LBL_BLOCK_SENDER_INFORMATION</label>
<fields>
<field>
<fieldname>fax_sender_name</fieldname>
<uitype>10</uitype>
<columnname>fax_sender_name</columnname>
<tablename>vtiger_parsfax</tablename>
<generatedtype>1</generatedtype>
<fieldlabel>LBL_FAX_SENDER_NAME</fieldlabel>
<readonly>1</readonly>
<presence>2</presence>
<defaultvalue></defaultvalue>
<sequence>1</sequence>
<maximumlength>100</maximumlength>
<typeofdata>V~O</typeofdata>
<quickcreate>1</quickcreate>
<quickcreatesequence>0</quickcreatesequence>
<displaytype>1</displaytype>
<info_type>BAS</info_type>
<helpinfo><![CDATA[]]></helpinfo>
<masseditable>0</masseditable>
<summaryfield>0</summaryfield>
<relatedmodules>
<relatedmodule>Accounts</relatedmodule>
<relatedmodule>Users</relatedmodule>
<relatedmodule>Leads</relatedmodule>
<relatedmodule>Contacts</relatedmodule>
<relatedmodule>Vendors</relatedmodule>
</relatedmodules>
</field>
<field>
<fieldname>fax_sender_phone</fieldname>
<uitype>1</uitype>
<columnname>fax_sender_phone</columnname>
<tablename>vtiger_parsfax</tablename>
<generatedtype>1</generatedtype>
<fieldlabel>LBL_FAX_SENDER_PHONE</fieldlabel>
<readonly>1</readonly>
<presence>2</presence>
<defaultvalue></defaultvalue>
<sequence>2</sequence>
<maximumlength>100</maximumlength>
<typeofdata>V~M</typeofdata>
<quickcreate>0</quickcreate>
<quickcreatesequence>0</quickcreatesequence>
<displaytype>1</displaytype>
<info_type>BAS</info_type>
<helpinfo><![CDATA[]]></helpinfo>
<masseditable>0</masseditable>
<summaryfield>0</summaryfield>
</field>
<field>
<fieldname>fax_sender_type</fieldname>
<uitype>16</uitype>
<columnname>fax_sender_type</columnname>
<tablename>vtiger_parsfax</tablename>
<generatedtype>1</generatedtype>
<fieldlabel>LBL_FAX_SENDER_TYPE</fieldlabel>
<readonly>1</readonly>
<presence>2</presence>
<defaultvalue></defaultvalue>
<sequence>3</sequence>
<maximumlength>100</maximumlength>
<typeofdata>V~O</typeofdata>
<quickcreate>1</quickcreate>
<quickcreatesequence>0</quickcreatesequence>
<displaytype>1</displaytype>
<info_type>BAS</info_type>
<helpinfo><![CDATA[]]></helpinfo>
<masseditable>0</masseditable>
<summaryfield>0</summaryfield>
<picklistvalues>
<picklistvalue>User</picklistvalue>
<picklistvalue>Account</picklistvalue>
<picklistvalue>Lead</picklistvalue>
<picklistvalue>Contact</picklistvalue>
<picklistvalue>Other</picklistvalue>
<picklistvalue>User</picklistvalue>
<picklistvalue>Account</picklistvalue>
<picklistvalue>Lead</picklistvalue>
<picklistvalue>Contact</picklistvalue>
<picklistvalue>Other</picklistvalue>
<picklistvalue>User</picklistvalue>
<picklistvalue>Account</picklistvalue>
<picklistvalue>Lead</picklistvalue>
<picklistvalue>Contact</picklistvalue>
<picklistvalue>Other</picklistvalue>
</picklistvalues>
</field>
</fields>
</block>
<block>
<label>LBL_BLOCK_CHARGING_COST</label>
<fields>
<field>
<fieldname>fax_zone_charge_per_page</fieldname>
<uitype>1</uitype>
<columnname>fax_zone_charge_per_page</columnname>
<tablename>vtiger_parsfax</tablename>
<generatedtype>1</generatedtype>
<fieldlabel>LBL_FAX_ZONE_CHARGE_PER_PAGE</fieldlabel>
<readonly>1</readonly>
<presence>2</presence>
<defaultvalue></defaultvalue>
<sequence>1</sequence>
<maximumlength>100</maximumlength>
<typeofdata>V~O</typeofdata>
<quickcreate>1</quickcreate>
<quickcreatesequence>0</quickcreatesequence>
<displaytype>1</displaytype>
<info_type>BAS</info_type>
<helpinfo><![CDATA[]]></helpinfo>
<masseditable>0</masseditable>
<summaryfield>0</summaryfield>
</field>
<field>
<fieldname>fax_sms_charge</fieldname>
<uitype>1</uitype>
<columnname>fax_sms_charge</columnname>
<tablename>vtiger_parsfax</tablename>
<generatedtype>1</generatedtype>
<fieldlabel>LBL_FAX_SMS_CHARGE</fieldlabel>
<readonly>1</readonly>
<presence>2</presence>
<defaultvalue></defaultvalue>
<sequence>2</sequence>
<maximumlength>100</maximumlength>
<typeofdata>V~O</typeofdata>
<quickcreate>1</quickcreate>
<quickcreatesequence>0</quickcreatesequence>
<displaytype>1</displaytype>
<info_type>BAS</info_type>
<helpinfo><![CDATA[]]></helpinfo>
<masseditable>0</masseditable>
<summaryfield>0</summaryfield>
</field>
<field>
<fieldname>fax_total_page_charge</fieldname>
<uitype>1</uitype>
<columnname>fax_total_page_charge</columnname>
<tablename>vtiger_parsfax</tablename>
<generatedtype>1</generatedtype>
<fieldlabel>LBL_FAX_TOTAL_PAGE_CHARGE</fieldlabel>
<readonly>1</readonly>
<presence>2</presence>
<defaultvalue></defaultvalue>
<sequence>3</sequence>
<maximumlength>100</maximumlength>
<typeofdata>V~O</typeofdata>
<quickcreate>1</quickcreate>
<quickcreatesequence>0</quickcreatesequence>
<displaytype>1</displaytype>
<info_type>BAS</info_type>
<helpinfo><![CDATA[]]></helpinfo>
<masseditable>0</masseditable>
<summaryfield>0</summaryfield>
</field>
</fields>
</block>
<block>
<label>LBL_BLOCK_COMMENT</label>
<fields>
<field>
<fieldname>fax_comment</fieldname>
<uitype>19</uitype>
<columnname>fax_comment</columnname>
<tablename>vtiger_parsfax</tablename>
<generatedtype>1</generatedtype>
<fieldlabel>LBL_FAX_COMMENT</fieldlabel>
<readonly>1</readonly>
<presence>2</presence>
<defaultvalue></defaultvalue>
<sequence>1</sequence>
<maximumlength>100</maximumlength>
<typeofdata>V~O</typeofdata>
<quickcreate>1</quickcreate>
<quickcreatesequence>0</quickcreatesequence>
<displaytype>1</displaytype>
<info_type>BAS</info_type>
<helpinfo><![CDATA[]]></helpinfo>
<masseditable>0</masseditable>
<summaryfield>0</summaryfield>
</field>
</fields>
</block>
</blocks>
<customviews>
<customview>
<viewname>All</viewname>
<setdefault>true</setdefault>
<setmetrics>false</setmetrics>
<fields>
<field>
<fieldname>fax_record_no</fieldname>
<columnindex>0</columnindex>
</field>
<field>
<fieldname>fax_resource</fieldname>
<columnindex>1</columnindex>
</field>
<field>
<fieldname>fax_fax_type</fieldname>
<columnindex>2</columnindex>
</field>
<field>
<fieldname>fax_received_phone</fieldname>
<columnindex>3</columnindex>
</field>
<field>
<fieldname>fax_total_pages</fieldname>
<columnindex>4</columnindex>
</field>
<field>
<fieldname>fax_status</fieldname>
<columnindex>5</columnindex>
</field>
<field>
<fieldname>fax_sender_phone</fieldname>
<columnindex>6</columnindex>
</field>
</fields>
</customview>
</customviews>
<sharingaccess>
<default>public_readwritedelete</default>
</sharingaccess>
<actions>
<action>
<name><![CDATA[Import]]></name>
<status>enabled</status>
</action>
<action>
<name><![CDATA[Export]]></name>
<status>enabled</status>
</action>
<action>
<name><![CDATA[Merge]]></name>
<status>enabled</status>
</action>
</actions>
<customlinks>
<customlink>
<linktype>DETAILVIEWBASIC</linktype>
<linklabel>View History</linklabel>
<linkurl><![CDATA[javascript:ModTrackerCommon.showhistory('$RECORD$')]]></linkurl>
<linkicon><![CDATA[]]></linkicon>
<sequence>0</sequence>
<handler_path><![CDATA[]]></handler_path>
<handler_class><![CDATA[]]></handler_class>
<handler><![CDATA[]]></handler>
</customlink>
</customlinks>
<crons>
<cron>
<name>Sync Faxes</name>
<frequency>900</frequency>
<status>1</status>
<handler>cron/modules/ParsFax/sync.service</handler>
<sequence>10</sequence>
<description>Recommended frequency for Workflow is 15 minutes</description>
</cron>
</crons>
</module>
