<?xml version='1.0'?>
<module>
    <name>UserLogin</name>
    <label>Custom Login Page</label>
	<parent></parent>
	<type>extension</type>
    <version>1.0.0</version>
	<license>
		<file>License.html</file>
	</license>
    <dependencies>
		<vtiger_version>6.0.0</vtiger_version>
		<vtiger_max_version>7.*</vtiger_max_version>
    </dependencies>
    <tables>
        <table>
            <name>vtiger_user_login</name>
            <sql><![CDATA[CREATE TABLE `vtiger_user_login` (
				  `id` int(11) NOT NULL AUTO_INCREMENT,
				  `header` varchar(255) DEFAULT NULL,
				  `description` text,
				  `logo` varchar(255) DEFAULT NULL,
				  `social_facebook` varchar(255) DEFAULT NULL,
				  `social_twitter` varchar(255) DEFAULT NULL,
				  `social_linkedin` varchar(255) DEFAULT NULL,
				  `social_youtube` varchar(255) DEFAULT NULL,
				  `copyright` text,
				  `images` text,
				  `slide_type` varchar(255) DEFAULT NULL,
				  `slide_speed` int(11) DEFAULT '1500',
				  `slide_easing` varchar(255) DEFAULT NULL,
				  PRIMARY KEY (`id`)
				) ENGINE=InnoDB AUTO_INCREMENT=1 DEFAULT CHARSET=utf8;]]></sql>
        </table>
		<table>
            <name>vtiger_user_login_image_setting</name>
            <sql><![CDATA[CREATE TABLE `vtiger_user_login_image_setting` (
				  `method` varchar(255) DEFAULT NULL,
				  `width` int(11) DEFAULT NULL,
				  `height` int(11) DEFAULT NULL,
				  `type` varchar(255) DEFAULT NULL
				) ENGINE=InnoDB DEFAULT CHARSET=latin1;]]></sql>
        </table>
    </tables>
    <sharingaccess>
        <default>Public_ReadWriteDelete</default>
    </sharingaccess>
</module>
