<?xml version='1.0'?>
<schema>
	<tables>
		<table>
			<name>vtiger_listview_colors</name>
			<sql><![CDATA[CREATE TABLE `vtiger_listview_colors` (
				  `id` int(11) NOT NULL AUTO_INCREMENT,
				  `modulename` varchar(100) DEFAULT NULL,
				  `condition_name` text,
				  `text_color` varchar(100) DEFAULT NULL,
				  `bg_color` varchar(100) DEFAULT NULL,
				  `related_record_color` varchar(100) DEFAULT NULL,
				  `conditions` text,
				  `conditions_count` int(10) DEFAULT '0',
				  `priority` int(10) DEFAULT '1',
				  `status` varchar(50) DEFAULT NULL,
				  PRIMARY KEY (`id`)
				) ENGINE=InnoDB DEFAULT CHARSET=utf8;]]></sql>
		</table>
	</tables>
</schema>
