<?xml version='1.0'?>
<module>
    <name>ParsGuard</name>
    <label>Pars Guard</label>
    <parent></parent>
    <type>extension</type>
    <version>2.0.0</version>
    <dependencies>
        <vtiger_version>7.0.0</vtiger_version>
        <vtiger_max_version>7.*</vtiger_max_version>
    </dependencies>
    <license>
        <file>License.html</file>
    </license>
    <tables>
        <table>
            <name>vtiger_parsvt_hacker_attacks</name>
            <sql>
                <![CDATA[CREATE TABLE `vtiger_parsvt_hacker_attacks` (
  `id` int(11) NOT NULL AUTO_INCREMENT,
  `ip` varchar(35) NOT NULL,
  `date` varchar(50) NOT NULL,
  `file` varchar(120) NOT NULL,
  `type` varchar(35) NOT NULL,
  `browseros` varchar(150) NOT NULL,
  `oslanguage` varchar(50) NOT NULL,
  PRIMARY KEY (`id`)
) ENGINE=InnoDB AUTO_INCREMENT=4 DEFAULT CHARSET=utf8]]>
            </sql>
        </table>
        <table>
            <name>vtiger_parsvt_bans</name>
            <sql>
                <![CDATA[CREATE TABLE `vtiger_parsvt_bans` (
  `id` int(11) NOT NULL AUTO_INCREMENT,
  `ip` varchar(35) NOT NULL,
  `date` varchar(50) NOT NULL,
  `reason` varchar(150) NOT NULL,
  `redirect` varchar(5) NOT NULL,
  `url` varchar(150) NOT NULL,
  `autoban` varchar(5) NOT NULL,
  `bannedby` varchar(35) NOT NULL,
  PRIMARY KEY (`id`)
) ENGINE=InnoDB AUTO_INCREMENT=4 DEFAULT CHARSET=utf8]]>
            </sql>
        </table>
    </tables>
    <sharingaccess>
        <default>public</default>
    </sharingaccess>
    <crons></crons>
</module>
