<?xml version="1.0"?>
<module>
    <name>ParsVTExtras</name>
    <label>ParsVT Extras</label>
    <parent></parent>
    <type>extension</type>
    <version>1.0.0</version>
    <dependencies>
        <vtiger_version>7.0.0</vtiger_version>
        <vtiger_max_version>7.*</vtiger_max_version>
    </dependencies>
    <license>
        <file>License.html</file>
    </license>
    <tables>
        <table>
            <name>vtiger_parsvtextras_settings</name>
            <sql>
                <![CDATA[CREATE TABLE `vtiger_parsvtextras_settings` (
  `settings_name` varchar(200) NOT NULL DEFAULT '',
  `settings_value` text NOT NULL,
  PRIMARY KEY (`settings_name`)
) ENGINE=InnoDB DEFAULT CHARSET=utf8]]>
            </sql>
        </table>
    </tables>
    <customlinks>
        <customlink>
            <linktype>HEADERSCRIPT</linktype>
            <linklabel>ParsVTExtrasJs</linklabel>
            <linkurl>
                <![CDATA[layouts/v7/modules/ParsVTExtras/resources/ParsVTExtrasHelper.js]]>
            </linkurl>
            <linkicon>
                <![CDATA[]]>
            </linkicon>
            <sequence>0</sequence>
            <handler_path>
                <![CDATA[]]>
            </handler_path>
            <handler_class>
                <![CDATA[]]>
            </handler_class>
            <handler>
                <![CDATA[]]>
            </handler>
        </customlink>
    </customlinks>
    <sharingaccess>
        <default>public</default>
    </sharingaccess>
    <crons></crons>
</module>
