<?xml version='1.0'?>
<module>
	<name>RelatedRecordUpdate</name>
	<label>Related Record Update</label>
	<parent></parent>
	<version>1.0.0</version>
	<type>extension</type>
	<dependencies>
		<vtiger_version>6.0.0</vtiger_version>
		<vtiger_max_version>7.*</vtiger_max_version>
	</dependencies>
	<license>
		<file>License.html</file>
	</license>		
	<tables>
		<table>
			<name>relatedrecordupdate_settings</name>
			<sql><![CDATA[CREATE TABLE `relatedrecordupdate_settings` (
				`enable`  int(3) NULL DEFAULT NULL 
				)]]></sql>
		</table>
	</tables>
	<sharingaccess>
		<default>public</default>
	</sharingaccess>
</module>
