<?xml version='1.0'?>
<module>
    <name>ListviewColors</name>
    <label>List View Colors</label>
	<parent></parent>
	<type>extension</type>
    <version>1.5.0</version>
    <dependencies>
		<vtiger_version>7.0.0</vtiger_version>
		<vtiger_max_version>7.*</vtiger_max_version>
    </dependencies>
	<license>
		<file>License.html</file>
	</license>
    <tables>
        <table>
            <name>vtiger_listview_colors</name>
            <sql><![CDATA[CREATE TABLE `vtiger_listview_colors` (
				  `id` int(11) NOT NULL AUTO_INCREMENT,
				  `modulename` varchar(100) DEFAULT NULL,
				  `condition_name` text,
				  `text_color` varchar(100) DEFAULT NULL,
				  `bg_color` varchar(100) DEFAULT NULL,
				  `related_record_color` varchar(100) DEFAULT NULL,
				  `conditions` text,
				  `conditions_count` int(10) DEFAULT '0',
				  `priority` int(10) DEFAULT '1',
				  `status` varchar(50) DEFAULT NULL,
				  PRIMARY KEY (`id`)
				) ENGINE=InnoDB AUTO_INCREMENT=1 DEFAULT CHARSET=utf8;]]></sql>
        </table>
    </tables>
    <sharingaccess>
        <default>Public_ReadWriteDelete</default>
    </sharingaccess>
</module>
