<?xml version='1.0'?>
<module>
<exporttime>2019-05-21 11:22:05</exporttime>
<name>HylaFax</name>
<label>HylaFax</label>
<parent></parent>
<type>extension</type>
<version>1.01.0</version>
<dependencies>
<vtiger_version>6.5.0</vtiger_version>
<vtiger_max_version>7.*</vtiger_max_version>
</dependencies>
<tables>
<table>
<name>vtiger_hylafax_settings</name>
<sql><![CDATA[CREATE TABLE `vtiger_hylafax_settings` (
  `settings_name` varchar(255) CHARACTER SET utf8 COLLATE utf8_unicode_ci NOT NULL DEFAULT '',
  `settings_value` text CHARACTER SET utf8 COLLATE utf8_unicode_ci NOT NULL,
  PRIMARY KEY (`settings_name`)
) ENGINE=InnoDB DEFAULT CHARSET=utf8]]></sql>
</table>
</tables>
<crons>
</crons>
</module>
