<?xml version='1.0'?>
<schema>
	<tables>
		<table>
			<name>vtiger_receivedsms</name>
			<sql><![CDATA[CREATE TABLE vtiger_receivedsms (
  receivedsmsid int(11) NOT NULL DEFAULT '0',
  smsr_name int(19) DEFAULT NULL,
  smsr_from varchar(128) DEFAULT NULL,
  smsr_to varchar(128) DEFAULT NULL,
  smsr_text_message text,
  PRIMARY KEY (receivedsmsid)
) ENGINE=InnoDB DEFAULT CHARSET=utf8]]></sql>
		</table>
		<table>
			<name>vtiger_receivedsmscf</name>
			<sql><![CDATA[CREATE TABLE vtiger_receivedsmscf (
  receivedsmsid int(11) NOT NULL,
  PRIMARY KEY (receivedsmsid)
) ENGINE=InnoDB DEFAULT CHARSET=utf8]]></sql>
		</table>
		<table>
			<name>vtiger_receivedsms_settings</name>
			<sql><![CDATA[CREATE TABLE vtiger_receivedsms_settings (
							settings_name VARCHAR(200) NOT NULL DEFAULT '',
							settings_value TEXT NOT NULL,
							PRIMARY KEY (settings_name)
							) ENGINE=InnoDB DEFAULT CHARSET=utf8]]></sql>
		</table>
		<table>
			<name>vtiger_receivedsms_servers</name>
			<sql><![CDATA[CREATE TABLE vtiger_receivedsms_servers (
  `id` int(11) NOT NULL AUTO_INCREMENT,
  password varchar(255) DEFAULT NULL,
  isactive int(1) DEFAULT NULL,
  providertype varchar(50) DEFAULT NULL,
  username varchar(255) DEFAULT NULL,
  parameters text,
  PRIMARY KEY (id)  
) ENGINE=InnoDB DEFAULT CHARSET=utf8]]></sql>
		</table>
	</tables>
</schema>
