<?xml version="1.0"?>
<module>
	<version>1.2.0</version>
	<type>extension</type>
	<name>GlobalSearch</name>
	<label>Global Search</label>	
	<dependencies> 
		<vtiger_version>7.0.0</vtiger_version> 
		<vtiger_max_version>7.*</vtiger_max_version> 
	</dependencies>	
	<license>
		<file>License.html</file>
	</license>
	<tables>
		<table>
			<name>global_search_modules</name>
			<sql><![CDATA[CREATE TABLE `global_search_modules` (
					`module`  varchar(250) CHARACTER SET utf8 COLLATE utf8_general_ci NOT NULL DEFAULT '' ,
					`active`  int(1) NULL DEFAULT NULL ,
					`sequence`  int(3) NULL,
					PRIMARY KEY (`module`)
					);]]></sql>
		</table>
		<table>
			<name>global_search_fields</name>
			<sql><![CDATA[CREATE TABLE `global_search_fields` (
				`id`  int(11) NOT NULL AUTO_INCREMENT,
				`module`  varchar(50) NULL ,
				`fieldname`  varchar(250) NULL ,
				PRIMARY KEY (`id`)
				);]]></sql>
		</table>
		<table>
			<name>vte_modules</name>
			<sql><![CDATA[CREATE TABLE `vte_modules` (
				`module`  varchar(50) NOT NULL ,
				`valid`  int(1) NULL ,
				PRIMARY KEY (`module`));]]></sql>
		</table>
		<table>
			<name>global_search_log</name>
			<sql><![CDATA[CREATE TABLE `global_search_log` (
			`id`  int NOT NULL AUTO_INCREMENT,
			`crmid`  integer NULL ,
			`userid`  integer NULL ,
			PRIMARY KEY (`id`),
			INDEX `crmid_index` (`crmid`) USING BTREE ,
			INDEX `user_index` (`userid`) USING BTREE 
			)
			;
			]]></sql>
		</table>
		<table>
			<name>global_search_fields</name>
			<sql><![CDATA[ALTER TABLE `global_search_fields`
			ADD COLUMN `fieldname_show`  varchar(250) NULL ;]]></sql>
		</table>
	</tables>	
	<sharingaccess>
		<default>public</default>
	</sharingaccess>
</module>
