<?xml version='1.0'?>
<module>
<name>WebHook</name>
<label>WebHook</label>
<parent></parent>
<type>extension</type>
<version>2.3.0</version>
<dependencies>
<vtiger_version>6.0.0</vtiger_version>
<vtiger_max_version>7.*</vtiger_max_version>
</dependencies>
	<license>
		<file>License.html</file>
	</license>
<tables>
<table>
<name>vtiger_webhook_settings</name>
<sql><![CDATA[CREATE TABLE `vtiger_webhook_settings` (
  `settings_name` varchar(200) NOT NULL DEFAULT '',
  `settings_value` text NOT NULL,
  PRIMARY KEY (`settings_name`)
) ENGINE=InnoDB DEFAULT CHARSET=utf8]]></sql>
</table>
<table>
<name>vtiger_webhook_workflows</name>
<sql><![CDATA[CREATE TABLE `vtiger_webhook_workflows` (
  `id` int(11) NOT NULL AUTO_INCREMENT,
  `entity_id` varchar(100) DEFAULT NULL,
  `type` varchar(30) DEFAULT NULL,
  `method` varchar(30) DEFAULT NULL,
  `create_date` datetime DEFAULT NULL,
  `sent_date` datetime DEFAULT NULL,
  `status` enum('Success','Queued','Failed') DEFAULT NULL,
  `logs` text,
  `request` text,
  `response` text,
  PRIMARY KEY (`id`)
) ENGINE=InnoDB DEFAULT CHARSET=utf8]]></sql>
</table>
</tables>
<customlinks>
<customlink>
<linktype></linktype>
<linklabel></linklabel>
<linkurl><![CDATA[]]></linkurl>
<linkicon><![CDATA[]]></linkicon>
<sequence>0</sequence>
<handler_path><![CDATA[]]></handler_path>
<handler_class><![CDATA[]]></handler_class>
<handler><![CDATA[]]></handler>
</customlink>
</customlinks>
<crons>
<cron>
<name>WebHook</name>
<frequency>120</frequency>
<status>1</status>
<handler>cron/modules/WebHook/WebHook.service</handler>
<sequence>10</sequence>
<description>Recommended frequency for Webhook is 2 mins</description>
</cron>
</crons>
</module>
