<?xml version='1.0'?>
<module>
    <name>Notifications</name>
    <label>Notifications</label>
    <parent>Tools</parent>
    <type>entity</type>
    <version>1.0.0</version>
    <dependencies>
        <vtiger_version>6.0.0</vtiger_version>
	<vtiger_max_version>7.*</vtiger_max_version>
    </dependencies>
    <license>
		<file>License.html</file>
    </license>
    <tables>
        <table>
            <name>vtiger_notifications</name>
            <sql><![CDATA[CREATE TABLE `vtiger_notifications` (
							`notificationid` INT(19) NOT NULL,
							`notificationno` VARCHAR(255) NOT NULL,
							`related_to` INT(19) NOT NULL DEFAULT '0',
							`notification_status` VARCHAR(200) NULL,							
							PRIMARY KEY (`notificationid`)
							) ENGINE=InnoDB  DEFAULT CHARSET=utf8;]]></sql>
        </table>
        <table>
            <name>vtiger_notificationscf</name>
            <sql><![CDATA[CREATE TABLE `vtiger_notificationscf` (
					`notificationid` INT(19) NOT NULL,													
					PRIMARY KEY (`notificationid`)
					) ENGINE=InnoDB  DEFAULT CHARSET=utf8;]]></sql>
        </table>
        <table>
            <name>notifications_settings</name>
            <sql><![CDATA[CREATE TABLE `notifications_settings` (
				`enable`  int(3) NULL DEFAULT NULL
				)]]></sql>
        </table>
		<table>
			<name>vtiger_notifications</name>
			<sql><![CDATA[ALTER TABLE `vtiger_notifications` ADD INDEX `related_to_index` (`related_to`) USING BTREE ;]]></sql>
		</table>
    </tables>
    <blocks>
        <block>
            <label>LBL_DETAIL_INFORMATION</label>
            <fields>
                <field>
                    <fieldname>notificationno</fieldname>
                    <uitype>4</uitype>
                    <columnname>notificationno</columnname>
                    <tablename>vtiger_notifications</tablename>
                    <generatedtype>1</generatedtype>
                    <fieldlabel>Notification Number</fieldlabel>
                    <readonly>1</readonly>
                    <presence>2</presence>
                    <defaultvalue></defaultvalue>
                    <sequence>0</sequence>
                    <maximumlength>100</maximumlength>
                    <typeofdata>V~O</typeofdata>
                    <quickcreate>1</quickcreate>
                    <quickcreatesequence></quickcreatesequence>
                    <displaytype>1</displaytype>
                    <info_type>BAS</info_type>
                    <helpinfo><![CDATA[]]></helpinfo>
                    <masseditable>1</masseditable>
                    <summaryfield>1</summaryfield>
                    <entityidentifier>
                        <entityidfield>notificationid</entityidfield>
                        <entityidcolumn>notificationid</entityidcolumn>
                    </entityidentifier>
                </field>
                <field>
                    <fieldname>related_to</fieldname>
                    <uitype>10</uitype>
                    <columnname>related_to</columnname>
                    <tablename>vtiger_notifications</tablename>
                    <generatedtype>1</generatedtype>
                    <fieldlabel>Related To</fieldlabel>
                    <readonly>1</readonly>
                    <presence>2</presence>
                    <defaultvalue></defaultvalue>
                    <sequence>1</sequence>
                    <maximumlength>100</maximumlength>
                    <typeofdata>V~O</typeofdata>
                    <quickcreate>0</quickcreate>
                    <quickcreatesequence>1</quickcreatesequence>
                    <displaytype>1</displaytype>
                    <info_type>BAS</info_type>
                    <helpinfo><![CDATA[]]></helpinfo>
                    <masseditable>1</masseditable>
                    <summaryfield>1</summaryfield>
                    <relatedmodules>
                        <relatedmodule>Leads</relatedmodule>
                        <relatedmodule>Contacts</relatedmodule>
                        <relatedmodule>Accounts</relatedmodule>
                        <relatedmodule>HelpDesk</relatedmodule>
                        <relatedmodule>Potentials</relatedmodule>
                        <relatedmodule>Quotes</relatedmodule>
                        <relatedmodule>Invoice</relatedmodule>
                        <relatedmodule>SalesOrder</relatedmodule>
                        <relatedmodule>Calendar</relatedmodule>
                        <relatedmodule>Project</relatedmodule>
                        <relatedmodule>ProjectTask</relatedmodule>
                        <relatedmodule>Events</relatedmodule>
                        <relatedmodule>Campaigns</relatedmodule>
                        <relatedmodule>ProjectMilestone</relatedmodule>
                        <relatedmodule>PurchaseOrder</relatedmodule>
                        <relatedmodule>Products</relatedmodule>
                        <relatedmodule>Vendors</relatedmodule>
                    </relatedmodules>
                </field>
                <field>
                    <fieldname>description</fieldname>
                    <uitype>19</uitype>
                    <columnname>description</columnname>
                    <tablename>vtiger_crmentity</tablename>
                    <generatedtype>1</generatedtype>
                    <fieldlabel>Description</fieldlabel>
                    <readonly>1</readonly>
                    <presence>2</presence>
                    <defaultvalue></defaultvalue>
                    <sequence>2</sequence>
                    <maximumlength>100</maximumlength>
                    <typeofdata>V~O</typeofdata>
                    <quickcreate>0</quickcreate>
                    <quickcreatesequence>2</quickcreatesequence>
                    <displaytype>1</displaytype>
                    <info_type>BAS</info_type>
                    <helpinfo><![CDATA[]]></helpinfo>
                    <masseditable>1</masseditable>
                    <summaryfield>1</summaryfield>
                </field>
                <field>
                    <fieldname>notification_status</fieldname>
                    <uitype>16</uitype>
                    <columnname>notification_status</columnname>
                    <tablename>vtiger_notifications</tablename>
                    <generatedtype>1</generatedtype>
                    <fieldlabel>Status</fieldlabel>
                    <readonly>1</readonly>
                    <presence>2</presence>
                    <defaultvalue></defaultvalue>
                    <sequence>3</sequence>
                    <maximumlength>100</maximumlength>
                    <typeofdata>V~O</typeofdata>
                    <quickcreate>0</quickcreate>
                    <quickcreatesequence>3</quickcreatesequence>
                    <displaytype>1</displaytype>
                    <info_type>BAS</info_type>
                    <helpinfo><![CDATA[]]></helpinfo>
                    <masseditable>1</masseditable>
                    <summaryfield>1</summaryfield>
                    <picklistvalues>
                        <picklistvalue>No</picklistvalue>
                        <picklistvalue>OK</picklistvalue>
                    </picklistvalues>
                </field>
                <field>
                    <fieldname>assigned_user_id</fieldname>
                    <uitype>53</uitype>
                    <columnname>smownerid</columnname>
                    <tablename>vtiger_crmentity</tablename>
                    <generatedtype>1</generatedtype>
                    <fieldlabel>Assigned To</fieldlabel>
                    <readonly>1</readonly>
                    <presence>2</presence>
                    <defaultvalue></defaultvalue>
                    <sequence>4</sequence>
                    <maximumlength>100</maximumlength>
                    <typeofdata>V~O</typeofdata>
                    <quickcreate>0</quickcreate>
                    <quickcreatesequence>4</quickcreatesequence>
                    <displaytype>1</displaytype>
                    <info_type>BAS</info_type>
                    <helpinfo><![CDATA[]]></helpinfo>
                    <masseditable>1</masseditable>
                    <summaryfield>1</summaryfield>
                </field>
                <field>
                    <fieldname>createdtime</fieldname>
                    <uitype>70</uitype>
                    <columnname>createdtime</columnname>
                    <tablename>vtiger_crmentity</tablename>
                    <generatedtype>1</generatedtype>
                    <fieldlabel>Created Time</fieldlabel>
                    <readonly>1</readonly>
                    <presence>2</presence>
                    <defaultvalue></defaultvalue>
                    <sequence>5</sequence>
                    <maximumlength>100</maximumlength>
                    <typeofdata>T~O</typeofdata>
                    <quickcreate>1</quickcreate>
                    <quickcreatesequence></quickcreatesequence>
                    <displaytype>2</displaytype>
                    <info_type>BAS</info_type>
                    <helpinfo><![CDATA[]]></helpinfo>
                    <masseditable>1</masseditable>
                    <summaryfield>1</summaryfield>
                </field>
                <field>
                    <fieldname>modifiedtime</fieldname>
                    <uitype>70</uitype>
                    <columnname>modifiedtime</columnname>
                    <tablename>vtiger_crmentity</tablename>
                    <generatedtype>1</generatedtype>
                    <fieldlabel>Modified Time</fieldlabel>
                    <readonly>1</readonly>
                    <presence>2</presence>
                    <defaultvalue></defaultvalue>
                    <sequence>6</sequence>
                    <maximumlength>100</maximumlength>
                    <typeofdata>T~O</typeofdata>
                    <quickcreate>1</quickcreate>
                    <quickcreatesequence></quickcreatesequence>
                    <displaytype>2</displaytype>
                    <info_type>BAS</info_type>
                    <helpinfo><![CDATA[]]></helpinfo>
                    <masseditable>1</masseditable>
                </field>
            </fields>
        </block>
        <block>
            <label>LBL_CUSTOM_INFORMATION</label>
        </block>
    </blocks>
    <customviews>
        <customview>
            <viewname>All</viewname>
            <setdefault>true</setdefault>
            <setmetrics>false</setmetrics>
            <fields>
                <field>
                    <fieldname>notificationno</fieldname>
                    <columnindex>0</columnindex>
                </field>
                <field>
                    <fieldname>related_to</fieldname>
                    <columnindex>1</columnindex>
                </field>
                <field>
                    <fieldname>description</fieldname>
                    <columnindex>2</columnindex>
                </field>
                <field>
                    <fieldname>notification_status</fieldname>
                    <columnindex>3</columnindex>
                </field>
                <field>
                    <fieldname>assigned_user_id</fieldname>
                    <columnindex>4</columnindex>
                </field>
                <field>
                    <fieldname>createdtime</fieldname>
                    <columnindex>5</columnindex>
                </field>
            </fields>
        </customview>
    </customviews>
    <sharingaccess>
        <default>private</default>
    </sharingaccess>
    <actions>
        <action>
            <name><![CDATA[Import]]></name>
            <status>enabled</status>
        </action>
        <action>
            <name><![CDATA[Export]]></name>
            <status>enabled</status>
        </action>
        <action>
            <name><![CDATA[Merge]]></name>
            <status>enabled</status>
        </action>
    </actions>
</module>