<?xml version="1.0"?>
<module>
	<version>1.0.0</version>
	<type>extension</type>
	<name>AutomatedBackup</name>
	<label>Automated Backup</label>
	<dependencies> 
		<vtiger_version>6.0.0</vtiger_version> 
		<vtiger_max_version>7.*</vtiger_max_version> 
	</dependencies>	
	<license>
		<file>License.html</file>
	</license>
	<tables>
		<table>
			<name>automatedbackup_settings</name>
			<sql><![CDATA[CREATE TABLE `automatedbackup_settings` (
				`id`  int(11) NOT NULL AUTO_INCREMENT ,
				`key`  varchar(255) NOT NULL ,
				`value`  text NOT NULL ,
				PRIMARY KEY (`id`)
				);]]></sql>
		</table>
		<table>
			<name>automatedbackup_logs</name>
			<sql><![CDATA[CREATE TABLE `automatedbackup_logs` (
				`id`  int(11) UNSIGNED NOT NULL AUTO_INCREMENT ,
				`createdtime` datetime DEFAULT NULL,
				`filename`  varchar(255) NOT NULL ,
				`filetype`  varchar(255) NOT NULL ,
				`filesize`  varchar(255) NOT NULL ,
				`path`  varchar(255) NOT NULL ,
				`deleted`  int(1) NOT NULL ,
				`type`  varchar(255) NOT NULL ,
				PRIMARY KEY (`id`)
				);]]></sql>
		</table>
	</tables>
    <sharingaccess>
        <default>public</default>
    </sharingaccess>
</module>
